id;user_id;course_id;lesson_id;completed;progress_percentage;started_at;completed_at;created_at;updated_at
5025bc8b-cde9-488e-94b3-86bce9ea794b;24984dc4-fcf2-4511-ba4e-9faa5a745823;23e99da3-c5c9-4ce4-9ecc-35eb100dd56e;;false;0;2025-12-20 17:56:48.134969+00;;2025-12-20 17:56:48.134969+00;2025-12-20 17:56:48.134969+00
be7fa569-45e7-41f6-a540-6de66768c5a1;24984dc4-fcf2-4511-ba4e-9faa5a745823;23e99da3-c5c9-4ce4-9ecc-35eb100dd56e;;false;0;2025-12-20 17:56:48.449167+00;;2025-12-20 17:56:48.449167+00;2025-12-20 17:56:48.449167+00
266469b8-3b13-40f0-8ba2-c68732f8e8e7;616f2a58-669b-4c40-822e-adfef7058906;23e99da3-c5c9-4ce4-9ecc-35eb100dd56e;;false;0;2025-12-22 11:55:38.836506+00;;2025-12-22 11:55:38.836506+00;2025-12-22 11:55:38.836506+00
559f4b11-7da8-43bb-8223-2dff13be28bf;729edbb5-3a37-4b62-b20b-2480dc5c7b2a;23e99da3-c5c9-4ce4-9ecc-35eb100dd56e;;false;20;2025-12-26 20:04:06.746561+00;;2025-12-26 20:04:06.746561+00;2025-12-26 20:04:06.746561+00
291a3ba9-f704-4113-9085-8ba9c99bfa1e;729edbb5-3a37-4b62-b20b-2480dc5c7b2a;23e99da3-c5c9-4ce4-9ecc-35eb100dd56e;;false;0;2025-12-07 11:40:16.449222+00;;2025-12-07 11:40:16.449222+00;2025-12-07 11:40:16.449222+00
bd9043a1-a89c-4312-880a-7074692b8811;4ab475bf-af84-4668-ae7a-08da6a4022b1;23e99da3-c5c9-4ce4-9ecc-35eb100dd56e;;false;0;2025-12-07 17:54:28.346014+00;;2025-12-07 17:54:28.346014+00;2025-12-07 17:54:28.346014+00
b91e4e1a-74c6-407c-affb-b3d5b1080210;729edbb5-3a37-4b62-b20b-2480dc5c7b2a;23e99da3-c5c9-4ce4-9ecc-35eb100dd56e;;false;0;2025-12-08 06:04:38.527436+00;;2025-12-08 06:04:38.527436+00;2025-12-08 06:04:38.527436+00
b5a6df77-8c2a-4823-9d58-2d26871e92bb;729edbb5-3a37-4b62-b20b-2480dc5c7b2a;23e99da3-c5c9-4ce4-9ecc-35eb100dd56e;;false;0;2025-12-09 09:40:41.057069+00;;2025-12-09 09:40:41.057069+00;2025-12-09 09:40:41.057069+00
41b85718-5bbf-4454-886b-5e7818daa7aa;729edbb5-3a37-4b62-b20b-2480dc5c7b2a;23e99da3-c5c9-4ce4-9ecc-35eb100dd56e;a06e3b30-08c2-4625-8e8a-f5840b04bfbe;true;5;2025-12-09 09:41:43.375015+00;2025-12-09 09:41:43.19+00;2025-12-09 09:41:43.375015+00;2025-12-09 09:41:43.375015+00
f92a4994-fd6e-4890-bb1b-4b606fedd76a;729edbb5-3a37-4b62-b20b-2480dc5c7b2a;23e99da3-c5c9-4ce4-9ecc-35eb100dd56e;;false;5;2025-12-09 09:41:43.600756+00;;2025-12-09 09:41:43.600756+00;2025-12-09 09:41:43.600756+00
dd390c6e-19dd-4847-84c7-ae26d2357929;46e358c7-53f0-4be3-858a-a7063f0703f0;23e99da3-c5c9-4ce4-9ecc-35eb100dd56e;;false;0;2025-12-09 18:33:09.784684+00;;2025-12-09 18:33:09.784684+00;2025-12-09 18:33:09.784684+00
ee148d80-ebc2-4073-a88f-7cbee54a4b42;46e358c7-53f0-4be3-858a-a7063f0703f0;23e99da3-c5c9-4ce4-9ecc-35eb100dd56e;;false;0;2025-12-09 18:34:39.674428+00;;2025-12-09 18:34:39.674428+00;2025-12-09 18:34:39.674428+00
08612862-e32c-4809-8c85-ea5e05aea348;46e358c7-53f0-4be3-858a-a7063f0703f0;23e99da3-c5c9-4ce4-9ecc-35eb100dd56e;a06e3b30-08c2-4625-8e8a-f5840b04bfbe;true;5;2025-12-09 18:35:08.880325+00;2025-12-09 18:35:06.768+00;2025-12-09 18:35:08.880325+00;2025-12-09 18:35:08.880325+00
5db712bb-b5b1-48ab-abf0-056b6b800e38;46e358c7-53f0-4be3-858a-a7063f0703f0;23e99da3-c5c9-4ce4-9ecc-35eb100dd56e;;false;5;2025-12-09 18:35:09.065389+00;;2025-12-09 18:35:09.065389+00;2025-12-09 18:35:09.065389+00
831bda0a-48cb-4125-a6ad-7811fb2ae6fe;729edbb5-3a37-4b62-b20b-2480dc5c7b2a;23e99da3-c5c9-4ce4-9ecc-35eb100dd56e;4ef9157c-9b0d-4bbd-a744-2bc2532c4d3d;true;10;2025-12-10 08:53:44.170877+00;2025-12-10 08:53:43.332+00;2025-12-10 08:53:44.170877+00;2025-12-10 08:53:44.170877+00
54b38394-a0a5-420f-a7a5-df56d309b2f8;729edbb5-3a37-4b62-b20b-2480dc5c7b2a;23e99da3-c5c9-4ce4-9ecc-35eb100dd56e;;false;10;2025-12-10 08:53:44.476169+00;;2025-12-10 08:53:44.476169+00;2025-12-10 08:53:44.476169+00
ff5cba38-f24a-405f-8fc6-9122c26b9738;5aeab45b-e0c6-494e-b930-96f39cec2f6a;23e99da3-c5c9-4ce4-9ecc-35eb100dd56e;;false;0;2025-12-10 11:36:10.271519+00;;2025-12-10 11:36:10.271519+00;2025-12-10 11:36:10.271519+00
2bd29d59-eec5-4106-ad22-ac4f52ffdd69;5aeab45b-e0c6-494e-b930-96f39cec2f6a;23e99da3-c5c9-4ce4-9ecc-35eb100dd56e;a06e3b30-08c2-4625-8e8a-f5840b04bfbe;true;5;2025-12-10 11:36:25.844878+00;2025-12-10 11:36:25.421+00;2025-12-10 11:36:25.844878+00;2025-12-10 11:36:25.844878+00
aa535c64-9da2-4189-8d05-f139257b8b8c;5aeab45b-e0c6-494e-b930-96f39cec2f6a;23e99da3-c5c9-4ce4-9ecc-35eb100dd56e;;false;5;2025-12-10 11:36:26.823408+00;;2025-12-10 11:36:26.823408+00;2025-12-10 11:36:26.823408+00
d3d3dc5b-fca3-49f1-9fcb-fcdbe5e4d747;729edbb5-3a37-4b62-b20b-2480dc5c7b2a;23e99da3-c5c9-4ce4-9ecc-35eb100dd56e;2fc7d97c-3bf3-4ca3-83ae-d8f78f400a78;true;15;2025-12-12 06:56:14.553555+00;2025-12-12 06:56:14.877+00;2025-12-12 06:56:14.553555+00;2025-12-12 06:56:14.553555+00
adf5eccf-2f18-431c-a137-56a99b88ad32;729edbb5-3a37-4b62-b20b-2480dc5c7b2a;23e99da3-c5c9-4ce4-9ecc-35eb100dd56e;;false;15;2025-12-12 06:56:14.84734+00;;2025-12-12 06:56:14.84734+00;2025-12-12 06:56:14.84734+00
2da9f0a8-2ea8-4c42-91c7-49d70d1cb7f3;e8fd3f47-f082-479d-b70f-c1f793ff91c8;23e99da3-c5c9-4ce4-9ecc-35eb100dd56e;;false;0;2025-12-14 16:16:20.440522+00;;2025-12-14 16:16:20.440522+00;2025-12-14 16:16:20.440522+00
68bc10af-36ac-40cb-994d-f8717a7339f1;18500679-9563-4266-bbd5-a14d1306147a;23e99da3-c5c9-4ce4-9ecc-35eb100dd56e;;false;0;2025-12-17 03:52:59.148276+00;;2025-12-17 03:52:59.148276+00;2025-12-17 03:52:59.148276+00
0dc9f2f5-4e6d-428e-ad33-5142685e8e1b;18500679-9563-4266-bbd5-a14d1306147a;23e99da3-c5c9-4ce4-9ecc-35eb100dd56e;;false;0;2025-12-17 03:55:47.201662+00;;2025-12-17 03:55:47.201662+00;2025-12-17 03:55:47.201662+00
7b00b627-3c6f-407c-ae3d-0c8063c7c5e8;18500679-9563-4266-bbd5-a14d1306147a;23e99da3-c5c9-4ce4-9ecc-35eb100dd56e;a06e3b30-08c2-4625-8e8a-f5840b04bfbe;true;5;2025-12-17 03:55:51.333148+00;2025-12-17 03:55:49.788+00;2025-12-17 03:55:51.333148+00;2025-12-17 03:55:51.333148+00
2ddcb19a-b3d6-4cca-8f58-7b33030c2e41;18500679-9563-4266-bbd5-a14d1306147a;23e99da3-c5c9-4ce4-9ecc-35eb100dd56e;;false;5;2025-12-17 03:55:51.509671+00;;2025-12-17 03:55:51.509671+00;2025-12-17 03:55:51.509671+00
540de997-41be-48dc-a4ec-9c76845bde6e;18500679-9563-4266-bbd5-a14d1306147a;23e99da3-c5c9-4ce4-9ecc-35eb100dd56e;4ef9157c-9b0d-4bbd-a744-2bc2532c4d3d;true;10;2025-12-17 03:55:54.101607+00;2025-12-17 03:55:52.637+00;2025-12-17 03:55:54.101607+00;2025-12-17 03:55:54.101607+00
59e230a1-184a-4659-9438-4351d523637c;18500679-9563-4266-bbd5-a14d1306147a;23e99da3-c5c9-4ce4-9ecc-35eb100dd56e;;false;10;2025-12-17 03:55:54.270058+00;;2025-12-17 03:55:54.270058+00;2025-12-17 03:55:54.270058+00
b31c0287-90ee-429d-8836-70c80f20e300;18500679-9563-4266-bbd5-a14d1306147a;23e99da3-c5c9-4ce4-9ecc-35eb100dd56e;2fc7d97c-3bf3-4ca3-83ae-d8f78f400a78;true;15;2025-12-17 03:55:56.431409+00;2025-12-17 03:55:54.966+00;2025-12-17 03:55:56.431409+00;2025-12-17 03:55:56.431409+00
5f6f1602-5aa6-458d-b2dd-106326fd8dd6;18500679-9563-4266-bbd5-a14d1306147a;23e99da3-c5c9-4ce4-9ecc-35eb100dd56e;;false;15;2025-12-17 03:55:56.597692+00;;2025-12-17 03:55:56.597692+00;2025-12-17 03:55:56.597692+00
6bd8ec73-e2b7-4aea-b4c6-71179b2fbf50;18500679-9563-4266-bbd5-a14d1306147a;23e99da3-c5c9-4ce4-9ecc-35eb100dd56e;be3e34f2-634c-4aa7-886c-54b13d3588b6;true;20;2025-12-17 03:55:58.583064+00;2025-12-17 03:55:57.122+00;2025-12-17 03:55:58.583064+00;2025-12-17 03:55:58.583064+00
95404c6f-8f46-4b71-8407-633409877114;18500679-9563-4266-bbd5-a14d1306147a;23e99da3-c5c9-4ce4-9ecc-35eb100dd56e;;false;20;2025-12-17 03:55:58.75023+00;;2025-12-17 03:55:58.75023+00;2025-12-17 03:55:58.75023+00
529ad5a8-1c33-4272-94b4-1c48102a34b5;18500679-9563-4266-bbd5-a14d1306147a;23e99da3-c5c9-4ce4-9ecc-35eb100dd56e;f3fb8cc2-d398-4062-bd6b-114d0909e7b7;true;25;2025-12-17 03:56:00.824397+00;2025-12-17 03:55:59.365+00;2025-12-17 03:56:00.824397+00;2025-12-17 03:56:00.824397+00
0cd72e9a-e56d-465c-92db-848dd1b8100a;18500679-9563-4266-bbd5-a14d1306147a;23e99da3-c5c9-4ce4-9ecc-35eb100dd56e;;false;25;2025-12-17 03:56:00.980007+00;;2025-12-17 03:56:00.980007+00;2025-12-17 03:56:00.980007+00
5b02080d-ff6a-4332-b04e-3ef4a7bc1258;18500679-9563-4266-bbd5-a14d1306147a;23e99da3-c5c9-4ce4-9ecc-35eb100dd56e;4c11391e-d977-4092-9796-e5748b8e2c50;true;30;2025-12-17 03:56:02.032225+00;2025-12-17 03:56:00.57+00;2025-12-17 03:56:02.032225+00;2025-12-17 03:56:02.032225+00
9d5c17ef-8fdb-42dd-8485-9ecc33308aba;18500679-9563-4266-bbd5-a14d1306147a;23e99da3-c5c9-4ce4-9ecc-35eb100dd56e;;false;30;2025-12-17 03:56:02.192063+00;;2025-12-17 03:56:02.192063+00;2025-12-17 03:56:02.192063+00
639dec12-ffdc-4f06-955b-4909e9cbc89b;18500679-9563-4266-bbd5-a14d1306147a;23e99da3-c5c9-4ce4-9ecc-35eb100dd56e;b7d4a0a5-66fa-432b-ae2c-0d555557a9e7;true;35;2025-12-17 03:56:03.368202+00;2025-12-17 03:56:01.903+00;2025-12-17 03:56:03.368202+00;2025-12-17 03:56:03.368202+00
488b0bce-a80d-4881-bc96-3c52919a217a;18500679-9563-4266-bbd5-a14d1306147a;23e99da3-c5c9-4ce4-9ecc-35eb100dd56e;;false;35;2025-12-17 03:56:03.530317+00;;2025-12-17 03:56:03.530317+00;2025-12-17 03:56:03.530317+00
24be7543-8c31-4702-be77-e8a5f4815757;18500679-9563-4266-bbd5-a14d1306147a;23e99da3-c5c9-4ce4-9ecc-35eb100dd56e;811a7582-ceb8-41b2-8ce9-299990768b83;true;40;2025-12-17 03:56:05.42145+00;2025-12-17 03:56:03.959+00;2025-12-17 03:56:05.42145+00;2025-12-17 03:56:05.42145+00
7697cca3-8b55-437d-9609-00abd08fd5d1;18500679-9563-4266-bbd5-a14d1306147a;23e99da3-c5c9-4ce4-9ecc-35eb100dd56e;;false;40;2025-12-17 03:56:05.587457+00;;2025-12-17 03:56:05.587457+00;2025-12-17 03:56:05.587457+00
c8abd0c1-92e6-4553-932e-f18ff06fe318;18500679-9563-4266-bbd5-a14d1306147a;23e99da3-c5c9-4ce4-9ecc-35eb100dd56e;d0677888-cad9-4255-9892-54500b59b6cd;true;45;2025-12-17 03:56:06.703241+00;2025-12-17 03:56:05.243+00;2025-12-17 03:56:06.703241+00;2025-12-17 03:56:06.703241+00
d1cbf05f-3a70-4a55-add5-d33d4ee888e4;18500679-9563-4266-bbd5-a14d1306147a;23e99da3-c5c9-4ce4-9ecc-35eb100dd56e;;false;45;2025-12-17 03:56:06.870623+00;;2025-12-17 03:56:06.870623+00;2025-12-17 03:56:06.870623+00
35237eeb-be45-48a9-8ee8-4bd20b17db06;18500679-9563-4266-bbd5-a14d1306147a;23e99da3-c5c9-4ce4-9ecc-35eb100dd56e;7eb70da4-73c8-4a2c-97d3-036ea3ac44ce;true;50;2025-12-17 03:56:08.361516+00;2025-12-17 03:56:06.899+00;2025-12-17 03:56:08.361516+00;2025-12-17 03:56:08.361516+00
b34d4948-9f59-43e9-8a1e-6e12f9d3f11d;18500679-9563-4266-bbd5-a14d1306147a;23e99da3-c5c9-4ce4-9ecc-35eb100dd56e;;false;50;2025-12-17 03:56:08.548456+00;;2025-12-17 03:56:08.548456+00;2025-12-17 03:56:08.548456+00
c15bfa68-6b2b-4868-a14a-92dcaa1d3b91;18500679-9563-4266-bbd5-a14d1306147a;23e99da3-c5c9-4ce4-9ecc-35eb100dd56e;0e70c4e7-0b12-44fa-b81a-371093b05d6c;true;55.00000000000001;2025-12-17 03:56:09.815478+00;2025-12-17 03:56:08.358+00;2025-12-17 03:56:09.815478+00;2025-12-17 03:56:09.815478+00
8b7e95e5-ea43-4967-b471-beba120f5043;18500679-9563-4266-bbd5-a14d1306147a;23e99da3-c5c9-4ce4-9ecc-35eb100dd56e;;false;55.00000000000001;2025-12-17 03:56:09.975474+00;;2025-12-17 03:56:09.975474+00;2025-12-17 03:56:09.975474+00
69c8cd79-93d5-4cdd-b705-fb2a1b591024;18500679-9563-4266-bbd5-a14d1306147a;23e99da3-c5c9-4ce4-9ecc-35eb100dd56e;e1d9502a-4c27-457c-9635-ec140c652068;true;60;2025-12-17 03:56:10.909722+00;2025-12-17 03:56:09.455+00;2025-12-17 03:56:10.909722+00;2025-12-17 03:56:10.909722+00
ce645272-a0ca-46e7-8330-14accdbca4c7;18500679-9563-4266-bbd5-a14d1306147a;23e99da3-c5c9-4ce4-9ecc-35eb100dd56e;;false;60;2025-12-17 03:56:11.064751+00;;2025-12-17 03:56:11.064751+00;2025-12-17 03:56:11.064751+00
2c48e2cc-ecb3-4c26-a3ee-c545ab693aac;18500679-9563-4266-bbd5-a14d1306147a;23e99da3-c5c9-4ce4-9ecc-35eb100dd56e;8d788181-ea4d-40b2-9f91-6732f97debcb;true;70;2025-12-17 03:56:13.630218+00;2025-12-17 03:56:12.175+00;2025-12-17 03:56:13.630218+00;2025-12-17 03:56:13.630218+00
77796bf2-cb49-4e79-a31f-210f3b7dc2a1;18500679-9563-4266-bbd5-a14d1306147a;23e99da3-c5c9-4ce4-9ecc-35eb100dd56e;;false;75;2025-12-17 03:56:15.358747+00;;2025-12-17 03:56:15.358747+00;2025-12-17 03:56:15.358747+00
b4ce85e9-a896-43af-b183-56c710019268;18500679-9563-4266-bbd5-a14d1306147a;23e99da3-c5c9-4ce4-9ecc-35eb100dd56e;e0cafb03-c8a2-4b57-9a87-2fd1d40607dd;true;85;2025-12-17 03:56:20.842628+00;2025-12-17 03:56:19.383+00;2025-12-17 03:56:20.842628+00;2025-12-17 03:56:20.842628+00
5bffebc7-a155-4f77-9f97-db9b5c58d3f6;18500679-9563-4266-bbd5-a14d1306147a;23e99da3-c5c9-4ce4-9ecc-35eb100dd56e;;false;90;2025-12-17 03:56:22.149007+00;;2025-12-17 03:56:22.149007+00;2025-12-17 03:56:22.149007+00
646cc36f-92b4-43a9-9f8f-d200ab7824c0;18500679-9563-4266-bbd5-a14d1306147a;23e99da3-c5c9-4ce4-9ecc-35eb100dd56e;6714b620-aa12-4535-85ae-cec4fa85559b;true;100;2025-12-17 03:56:25.76379+00;2025-12-17 03:56:24.299+00;2025-12-17 03:56:25.76379+00;2025-12-17 03:56:25.76379+00
11558ef8-eb0e-449c-b085-abff133c57f1;24984dc4-fcf2-4511-ba4e-9faa5a745823;23e99da3-c5c9-4ce4-9ecc-35eb100dd56e;a06e3b30-08c2-4625-8e8a-f5840b04bfbe;true;5;2025-12-20 17:57:47.687735+00;2025-12-20 17:57:47.73+00;2025-12-20 17:57:47.687735+00;2025-12-20 17:57:47.687735+00
db38f338-f18c-4e2b-b45e-85b7edb773d1;616f2a58-669b-4c40-822e-adfef7058906;23e99da3-c5c9-4ce4-9ecc-35eb100dd56e;;false;0;2025-12-22 11:56:46.448372+00;;2025-12-22 11:56:46.448372+00;2025-12-22 11:56:46.448372+00
d09ba7fa-6d45-4f18-af65-c0ac80469ba2;e175a88c-5a5a-4fca-b7ae-942ef889ca62;23e99da3-c5c9-4ce4-9ecc-35eb100dd56e;;false;0;2025-12-29 03:42:31.443468+00;;2025-12-29 03:42:31.443468+00;2025-12-29 03:42:31.443468+00
db8e137c-9b19-4523-b04a-9011b179086c;18500679-9563-4266-bbd5-a14d1306147a;23e99da3-c5c9-4ce4-9ecc-35eb100dd56e;c468f784-bd56-4700-b298-22cf1594064e;true;65;2025-12-17 03:56:12.293652+00;2025-12-17 03:56:10.832+00;2025-12-17 03:56:12.293652+00;2025-12-17 03:56:12.293652+00
1abff3c3-f153-4a3e-9414-b4e1010fed51;18500679-9563-4266-bbd5-a14d1306147a;23e99da3-c5c9-4ce4-9ecc-35eb100dd56e;;false;70;2025-12-17 03:56:13.784963+00;;2025-12-17 03:56:13.784963+00;2025-12-17 03:56:13.784963+00
01afaa2f-d53b-416d-9a47-36cf964f6128;18500679-9563-4266-bbd5-a14d1306147a;23e99da3-c5c9-4ce4-9ecc-35eb100dd56e;4ef8a855-f4ca-4cc7-b0b9-5ec4aaeb6e3f;true;80;2025-12-17 03:56:19.721021+00;2025-12-17 03:56:18.261+00;2025-12-17 03:56:19.721021+00;2025-12-17 03:56:19.721021+00
130b6b1c-470e-4840-9148-46d4cbf473e7;18500679-9563-4266-bbd5-a14d1306147a;23e99da3-c5c9-4ce4-9ecc-35eb100dd56e;;false;85;2025-12-17 03:56:20.995254+00;;2025-12-17 03:56:20.995254+00;2025-12-17 03:56:20.995254+00
5b0eae6b-85ab-488e-a9f4-7c256b92324b;18500679-9563-4266-bbd5-a14d1306147a;23e99da3-c5c9-4ce4-9ecc-35eb100dd56e;7d3541b5-56a8-40af-bc75-4da54555bd46;true;95;2025-12-17 03:56:24.647082+00;2025-12-17 03:56:23.188+00;2025-12-17 03:56:24.647082+00;2025-12-17 03:56:24.647082+00
dacc38d6-7aa6-495c-b871-f9b15b5a6570;18500679-9563-4266-bbd5-a14d1306147a;23e99da3-c5c9-4ce4-9ecc-35eb100dd56e;;false;100;2025-12-17 03:56:25.932652+00;;2025-12-17 03:56:25.932652+00;2025-12-17 03:56:25.932652+00
424233d5-3b47-416d-adc6-89f84a672576;24984dc4-fcf2-4511-ba4e-9faa5a745823;23e99da3-c5c9-4ce4-9ecc-35eb100dd56e;;false;5;2025-12-20 17:57:48.028597+00;;2025-12-20 17:57:48.028597+00;2025-12-20 17:57:48.028597+00
14c7d7fe-3ede-4990-b45d-4aac4a15d819;616f2a58-669b-4c40-822e-adfef7058906;23e99da3-c5c9-4ce4-9ecc-35eb100dd56e;;false;0;2025-12-22 12:00:17.777947+00;;2025-12-22 12:00:17.777947+00;2025-12-22 12:00:17.777947+00
1d87d254-31ec-4027-bab0-b9f8c3ff3e5c;616f2a58-669b-4c40-822e-adfef7058906;23e99da3-c5c9-4ce4-9ecc-35eb100dd56e;a06e3b30-08c2-4625-8e8a-f5840b04bfbe;true;5;2025-12-22 12:00:22.624858+00;2025-12-22 12:00:20.728+00;2025-12-22 12:00:22.624858+00;2025-12-22 12:00:22.92185+00
7d04b0b9-7d78-45f8-895f-d81b36d99d6b;616f2a58-669b-4c40-822e-adfef7058906;23e99da3-c5c9-4ce4-9ecc-35eb100dd56e;;false;10;2025-12-22 12:00:25.791285+00;;2025-12-22 12:00:25.791285+00;2025-12-22 12:00:25.791285+00
30b56285-364d-4aef-9c5f-c427fad1f20d;616f2a58-669b-4c40-822e-adfef7058906;23e99da3-c5c9-4ce4-9ecc-35eb100dd56e;4ef9157c-9b0d-4bbd-a744-2bc2532c4d3d;true;10;2025-12-22 12:00:25.317097+00;2025-12-22 12:00:23.612+00;2025-12-22 12:00:25.317097+00;2025-12-22 12:00:25.845194+00
43ea66a5-709c-45f8-86b2-ff27ee868fc3;616f2a58-669b-4c40-822e-adfef7058906;23e99da3-c5c9-4ce4-9ecc-35eb100dd56e;;false;10;2025-12-22 12:00:26.106368+00;;2025-12-22 12:00:26.106368+00;2025-12-22 12:00:26.106368+00
8ba7af74-2712-4be5-a980-80411d2d0200;616f2a58-669b-4c40-822e-adfef7058906;23e99da3-c5c9-4ce4-9ecc-35eb100dd56e;;false;15;2025-12-22 12:00:28.673892+00;;2025-12-22 12:00:28.673892+00;2025-12-22 12:00:28.673892+00
db2124c5-a563-4464-aab5-8c2f84e43350;616f2a58-669b-4c40-822e-adfef7058906;23e99da3-c5c9-4ce4-9ecc-35eb100dd56e;b7d4a0a5-66fa-432b-ae2c-0d555557a9e7;true;35;2025-12-22 12:00:34.782921+00;2025-12-22 12:00:33.677+00;2025-12-22 12:00:34.782921+00;2025-12-22 12:00:35.868871+00
8ec5d4f7-2084-4fd5-920a-3119950fcba7;616f2a58-669b-4c40-822e-adfef7058906;23e99da3-c5c9-4ce4-9ecc-35eb100dd56e;;false;35;2025-12-22 12:00:36.0086+00;;2025-12-22 12:00:36.0086+00;2025-12-22 12:00:36.0086+00
464bb61b-9725-4e52-903f-fba976b0c68a;616f2a58-669b-4c40-822e-adfef7058906;23e99da3-c5c9-4ce4-9ecc-35eb100dd56e;;false;40;2025-12-22 12:00:40.179398+00;;2025-12-22 12:00:40.179398+00;2025-12-22 12:00:40.179398+00
57afd767-9405-4504-af73-2b61524aee3d;616f2a58-669b-4c40-822e-adfef7058906;23e99da3-c5c9-4ce4-9ecc-35eb100dd56e;;false;40;2025-12-22 12:00:40.988686+00;;2025-12-22 12:00:40.988686+00;2025-12-22 12:00:40.988686+00
92f40f0d-4974-4186-82b1-57b92db8e057;616f2a58-669b-4c40-822e-adfef7058906;23e99da3-c5c9-4ce4-9ecc-35eb100dd56e;;false;45;2025-12-22 12:00:42.099405+00;;2025-12-22 12:00:42.099405+00;2025-12-22 12:00:42.099405+00
f23ecbcc-b356-47d7-acf6-b0109e077079;616f2a58-669b-4c40-822e-adfef7058906;23e99da3-c5c9-4ce4-9ecc-35eb100dd56e;;false;50;2025-12-22 12:00:44.235098+00;;2025-12-22 12:00:44.235098+00;2025-12-22 12:00:44.235098+00
8f3f94ed-59f1-4bf9-9582-e99dc14516a0;616f2a58-669b-4c40-822e-adfef7058906;23e99da3-c5c9-4ce4-9ecc-35eb100dd56e;;false;50;2025-12-22 12:00:44.47102+00;;2025-12-22 12:00:44.47102+00;2025-12-22 12:00:44.47102+00
8128b9db-4c26-4252-b327-2459706539f5;616f2a58-669b-4c40-822e-adfef7058906;23e99da3-c5c9-4ce4-9ecc-35eb100dd56e;;false;55.00000000000001;2025-12-22 12:00:58.645174+00;;2025-12-22 12:00:58.645174+00;2025-12-22 12:00:58.645174+00
c5aa7ac4-2d23-44e9-b97b-c5c456324792;616f2a58-669b-4c40-822e-adfef7058906;23e99da3-c5c9-4ce4-9ecc-35eb100dd56e;;false;55.00000000000001;2025-12-22 12:00:59.72025+00;;2025-12-22 12:00:59.72025+00;2025-12-22 12:00:59.72025+00
728c6aab-060a-456d-838c-a834c7322cbe;616f2a58-669b-4c40-822e-adfef7058906;23e99da3-c5c9-4ce4-9ecc-35eb100dd56e;c468f784-bd56-4700-b298-22cf1594064e;true;65;2025-12-22 12:01:03.089282+00;2025-12-22 12:01:01.196+00;2025-12-22 12:01:03.089282+00;2025-12-22 12:01:03.347369+00
0493fa9a-fa80-486d-b94d-753d64daf4e7;616f2a58-669b-4c40-822e-adfef7058906;23e99da3-c5c9-4ce4-9ecc-35eb100dd56e;;false;75;2025-12-22 12:01:06.508101+00;;2025-12-22 12:01:06.508101+00;2025-12-22 12:01:06.508101+00
5d0f877b-3800-42c8-98af-2f9ac3c01000;616f2a58-669b-4c40-822e-adfef7058906;23e99da3-c5c9-4ce4-9ecc-35eb100dd56e;;false;75;2025-12-22 12:01:06.716501+00;;2025-12-22 12:01:06.716501+00;2025-12-22 12:01:06.716501+00
29581d50-bd16-4f15-b6b0-2ba58ea7ffde;616f2a58-669b-4c40-822e-adfef7058906;23e99da3-c5c9-4ce4-9ecc-35eb100dd56e;e0cafb03-c8a2-4b57-9a87-2fd1d40607dd;true;85;2025-12-22 12:01:09.995464+00;2025-12-22 12:01:08.223+00;2025-12-22 12:01:09.995464+00;2025-12-22 12:01:10.406774+00
84c1927e-2564-4fe8-b9e2-03c550951307;616f2a58-669b-4c40-822e-adfef7058906;23e99da3-c5c9-4ce4-9ecc-35eb100dd56e;;false;100;2025-12-22 12:01:14.479953+00;;2025-12-22 12:01:14.479953+00;2025-12-22 12:01:14.479953+00
bfcce58b-bc63-415d-871b-5e724be8b290;729edbb5-3a37-4b62-b20b-2480dc5c7b2a;23e99da3-c5c9-4ce4-9ecc-35eb100dd56e;f3fb8cc2-d398-4062-bd6b-114d0909e7b7;true;25;2026-01-25 06:41:09.330898+00;2026-01-25 06:41:08.732+00;2026-01-25 06:41:09.330898+00;2026-01-25 06:41:09.330898+00
368b79f9-49e2-4c92-8d19-b8684d6081f0;18500679-9563-4266-bbd5-a14d1306147a;23e99da3-c5c9-4ce4-9ecc-35eb100dd56e;;false;65;2025-12-17 03:56:12.45159+00;;2025-12-17 03:56:12.45159+00;2025-12-17 03:56:12.45159+00
4a19a7ba-2a67-482d-8cbe-9f1106fb1277;18500679-9563-4266-bbd5-a14d1306147a;23e99da3-c5c9-4ce4-9ecc-35eb100dd56e;010dd7a2-34e8-463b-9e74-f9f586c33bc7;true;75;2025-12-17 03:56:15.172885+00;2025-12-17 03:56:13.713+00;2025-12-17 03:56:15.172885+00;2025-12-17 03:56:15.172885+00
ac402114-4887-449f-89a1-1f677e42ebcd;18500679-9563-4266-bbd5-a14d1306147a;23e99da3-c5c9-4ce4-9ecc-35eb100dd56e;;false;80;2025-12-17 03:56:19.888574+00;;2025-12-17 03:56:19.888574+00;2025-12-17 03:56:19.888574+00
fafb1c5c-d56c-4075-9482-0e0263525d8c;18500679-9563-4266-bbd5-a14d1306147a;23e99da3-c5c9-4ce4-9ecc-35eb100dd56e;af3883fd-07da-457e-aa38-a67516237603;true;90;2025-12-17 03:56:21.994435+00;2025-12-17 03:56:20.537+00;2025-12-17 03:56:21.994435+00;2025-12-17 03:56:21.994435+00
429355e0-d6cd-436f-90fe-791af1ab5765;18500679-9563-4266-bbd5-a14d1306147a;23e99da3-c5c9-4ce4-9ecc-35eb100dd56e;;false;95;2025-12-17 03:56:24.804158+00;;2025-12-17 03:56:24.804158+00;2025-12-17 03:56:24.804158+00
28912d46-0dd0-47e6-b790-1f325232cb2b;46e358c7-53f0-4be3-858a-a7063f0703f0;23e99da3-c5c9-4ce4-9ecc-35eb100dd56e;4ef9157c-9b0d-4bbd-a744-2bc2532c4d3d;true;10;2025-12-17 08:44:12.594694+00;2025-12-17 08:44:11.764+00;2025-12-17 08:44:12.594694+00;2025-12-17 08:44:12.594694+00
e98eed54-00d1-40a0-8f3c-f638555c2b98;46e358c7-53f0-4be3-858a-a7063f0703f0;23e99da3-c5c9-4ce4-9ecc-35eb100dd56e;;false;10;2025-12-17 08:44:12.875024+00;;2025-12-17 08:44:12.875024+00;2025-12-17 08:44:12.875024+00
92ed69a1-ad61-439d-b3e0-ca8588638f89;46e358c7-53f0-4be3-858a-a7063f0703f0;23e99da3-c5c9-4ce4-9ecc-35eb100dd56e;2fc7d97c-3bf3-4ca3-83ae-d8f78f400a78;true;15;2025-12-17 08:44:14.143805+00;2025-12-17 08:44:13.472+00;2025-12-17 08:44:14.143805+00;2025-12-17 08:44:14.143805+00
05198b17-471e-4479-b52b-b3c806acc622;46e358c7-53f0-4be3-858a-a7063f0703f0;23e99da3-c5c9-4ce4-9ecc-35eb100dd56e;;false;15;2025-12-17 08:44:14.395778+00;;2025-12-17 08:44:14.395778+00;2025-12-17 08:44:14.395778+00
b805fca2-1967-403e-bb83-32a9c2964197;46e358c7-53f0-4be3-858a-a7063f0703f0;23e99da3-c5c9-4ce4-9ecc-35eb100dd56e;;false;20;2025-12-17 08:44:17.069608+00;;2025-12-17 08:44:17.069608+00;2025-12-17 08:44:17.069608+00
a3ab1bd9-c345-4be2-ba47-658a613a4a89;46e358c7-53f0-4be3-858a-a7063f0703f0;23e99da3-c5c9-4ce4-9ecc-35eb100dd56e;be3e34f2-634c-4aa7-886c-54b13d3588b6;true;20;2025-12-17 08:44:16.358174+00;2025-12-17 08:44:16.019+00;2025-12-17 08:44:16.358174+00;2025-12-17 08:44:17.070246+00
f23d09a2-7b2a-4208-87cc-6f6fc518ffa1;46e358c7-53f0-4be3-858a-a7063f0703f0;23e99da3-c5c9-4ce4-9ecc-35eb100dd56e;;false;20;2025-12-17 08:44:17.072987+00;;2025-12-17 08:44:17.072987+00;2025-12-17 08:44:17.072987+00
e08fc46c-7267-42a5-9a29-4fc1de3840f5;46e358c7-53f0-4be3-858a-a7063f0703f0;23e99da3-c5c9-4ce4-9ecc-35eb100dd56e;;false;20;2025-12-17 08:44:17.279249+00;;2025-12-17 08:44:17.279249+00;2025-12-17 08:44:17.279249+00
d18c7a97-1a18-4a62-8786-6a9d0e229850;24984dc4-fcf2-4511-ba4e-9faa5a745823;23e99da3-c5c9-4ce4-9ecc-35eb100dd56e;4ef9157c-9b0d-4bbd-a744-2bc2532c4d3d;true;10;2025-12-20 17:58:39.903859+00;2025-12-20 17:58:40.365+00;2025-12-20 17:58:39.903859+00;2025-12-20 17:58:39.947189+00
dd625823-4173-4a75-b80d-69f8a77ba7ca;24984dc4-fcf2-4511-ba4e-9faa5a745823;23e99da3-c5c9-4ce4-9ecc-35eb100dd56e;;false;10;2025-12-20 17:58:40.111131+00;;2025-12-20 17:58:40.111131+00;2025-12-20 17:58:40.111131+00
b1df4dc7-8f73-470f-bff5-da88501184d4;46e358c7-53f0-4be3-858a-a7063f0703f0;23e99da3-c5c9-4ce4-9ecc-35eb100dd56e;;false;25;2025-12-17 08:44:20.987193+00;;2025-12-17 08:44:20.987193+00;2025-12-17 08:44:20.987193+00
9b7bed6a-2f7b-4d99-83c2-52efffc17118;616f2a58-669b-4c40-822e-adfef7058906;23e99da3-c5c9-4ce4-9ecc-35eb100dd56e;;false;5;2025-12-22 12:00:22.892865+00;;2025-12-22 12:00:22.892865+00;2025-12-22 12:00:22.892865+00
55c3bd24-26e0-45f5-b835-7d941b08b42c;616f2a58-669b-4c40-822e-adfef7058906;23e99da3-c5c9-4ce4-9ecc-35eb100dd56e;d0677888-cad9-4255-9892-54500b59b6cd;true;45;2025-12-22 12:00:41.354957+00;2025-12-22 12:00:39.737+00;2025-12-22 12:00:41.354957+00;2025-12-22 12:00:41.940361+00
d6bfcf1b-b864-433b-af4e-f18832c89a06;616f2a58-669b-4c40-822e-adfef7058906;23e99da3-c5c9-4ce4-9ecc-35eb100dd56e;2fc7d97c-3bf3-4ca3-83ae-d8f78f400a78;true;15;2025-12-22 12:00:28.485947+00;2025-12-22 12:00:26.353+00;2025-12-22 12:00:28.485947+00;2025-12-22 12:00:28.513836+00
71d68540-14ac-4e1a-85c8-0a3f50e15cd1;46e358c7-53f0-4be3-858a-a7063f0703f0;23e99da3-c5c9-4ce4-9ecc-35eb100dd56e;;false;25;2025-12-17 08:44:21.423404+00;;2025-12-17 08:44:21.423404+00;2025-12-17 08:44:21.423404+00
1b074021-2575-4358-b09f-9193ab9ebbe1;46e358c7-53f0-4be3-858a-a7063f0703f0;23e99da3-c5c9-4ce4-9ecc-35eb100dd56e;;false;25;2025-12-17 08:44:21.429079+00;;2025-12-17 08:44:21.429079+00;2025-12-17 08:44:21.429079+00
cfc67dad-67ef-4dfb-a75e-fdb5cbf06e68;46e358c7-53f0-4be3-858a-a7063f0703f0;23e99da3-c5c9-4ce4-9ecc-35eb100dd56e;;false;25;2025-12-17 08:44:21.42252+00;;2025-12-17 08:44:21.42252+00;2025-12-17 08:44:21.42252+00
5845c54c-a2e0-41ce-9022-8d8464b7b631;46e358c7-53f0-4be3-858a-a7063f0703f0;23e99da3-c5c9-4ce4-9ecc-35eb100dd56e;;false;25;2025-12-17 08:44:21.466435+00;;2025-12-17 08:44:21.466435+00;2025-12-17 08:44:21.466435+00
73970db9-7f7c-4ca6-b207-90015f7f412c;46e358c7-53f0-4be3-858a-a7063f0703f0;23e99da3-c5c9-4ce4-9ecc-35eb100dd56e;f3fb8cc2-d398-4062-bd6b-114d0909e7b7;true;25;2025-12-17 08:44:19.845949+00;2025-12-17 08:44:20.318+00;2025-12-17 08:44:19.845949+00;2025-12-17 08:44:21.465891+00
d1855c45-9a2a-4f79-ba98-ecead2bd747f;46e358c7-53f0-4be3-858a-a7063f0703f0;23e99da3-c5c9-4ce4-9ecc-35eb100dd56e;;false;25;2025-12-17 08:44:22.033112+00;;2025-12-17 08:44:22.033112+00;2025-12-17 08:44:22.033112+00
e0c9b04e-f8b2-43a7-97b4-4d4aa6df22f7;46e358c7-53f0-4be3-858a-a7063f0703f0;23e99da3-c5c9-4ce4-9ecc-35eb100dd56e;;false;25;2025-12-17 08:44:22.034965+00;;2025-12-17 08:44:22.034965+00;2025-12-17 08:44:22.034965+00
4726151a-bf52-4d50-84eb-ae5df2fc4844;46e358c7-53f0-4be3-858a-a7063f0703f0;23e99da3-c5c9-4ce4-9ecc-35eb100dd56e;;false;25;2025-12-17 08:44:22.045651+00;;2025-12-17 08:44:22.045651+00;2025-12-17 08:44:22.045651+00
72837e81-5178-4840-92a2-9044233ccf48;616f2a58-669b-4c40-822e-adfef7058906;23e99da3-c5c9-4ce4-9ecc-35eb100dd56e;be3e34f2-634c-4aa7-886c-54b13d3588b6;true;20;2025-12-22 12:00:29.748799+00;2025-12-22 12:00:27.613+00;2025-12-22 12:00:29.748799+00;2025-12-22 12:00:29.748799+00
787195c9-fd62-4588-bd7d-3427fd312424;46e358c7-53f0-4be3-858a-a7063f0703f0;23e99da3-c5c9-4ce4-9ecc-35eb100dd56e;;false;30;2025-12-17 08:44:22.725361+00;;2025-12-17 08:44:22.725361+00;2025-12-17 08:44:22.725361+00
701cec6b-8860-42b4-9472-181396f3ed85;616f2a58-669b-4c40-822e-adfef7058906;23e99da3-c5c9-4ce4-9ecc-35eb100dd56e;4c11391e-d977-4092-9796-e5748b8e2c50;true;30;2025-12-22 12:00:33.603839+00;2025-12-22 12:00:31.694+00;2025-12-22 12:00:33.603839+00;2025-12-22 12:00:33.844655+00
dd0e76a0-08ab-4ad3-924c-47402b7464e1;46e358c7-53f0-4be3-858a-a7063f0703f0;23e99da3-c5c9-4ce4-9ecc-35eb100dd56e;4c11391e-d977-4092-9796-e5748b8e2c50;true;30;2025-12-17 08:44:22.28865+00;2025-12-17 08:44:21.995+00;2025-12-17 08:44:22.28865+00;2025-12-17 08:44:22.75059+00
2d10adc6-f697-4b7f-ba57-735a792e2b81;46e358c7-53f0-4be3-858a-a7063f0703f0;23e99da3-c5c9-4ce4-9ecc-35eb100dd56e;;false;30;2025-12-17 08:44:22.753232+00;;2025-12-17 08:44:22.753232+00;2025-12-17 08:44:22.753232+00
0f260059-dcca-48c1-8508-f0c754d653a1;46e358c7-53f0-4be3-858a-a7063f0703f0;23e99da3-c5c9-4ce4-9ecc-35eb100dd56e;;false;30;2025-12-17 08:44:22.899961+00;;2025-12-17 08:44:22.899961+00;2025-12-17 08:44:22.899961+00
041d3a18-0b4d-4fca-889e-a8f72c0d6e2a;46e358c7-53f0-4be3-858a-a7063f0703f0;23e99da3-c5c9-4ce4-9ecc-35eb100dd56e;;false;30;2025-12-17 08:44:22.919421+00;;2025-12-17 08:44:22.919421+00;2025-12-17 08:44:22.919421+00
ce8465da-6d43-49eb-9c42-ad86922da515;46e358c7-53f0-4be3-858a-a7063f0703f0;23e99da3-c5c9-4ce4-9ecc-35eb100dd56e;;false;30;2025-12-17 08:44:22.921313+00;;2025-12-17 08:44:22.921313+00;2025-12-17 08:44:22.921313+00
9216ee73-22ef-4ec0-b324-3a08034e2f92;46e358c7-53f0-4be3-858a-a7063f0703f0;23e99da3-c5c9-4ce4-9ecc-35eb100dd56e;;false;35;2025-12-17 08:44:24.116166+00;;2025-12-17 08:44:24.116166+00;2025-12-17 08:44:24.116166+00
2218b6be-54ca-4365-adaf-b5007964842f;46e358c7-53f0-4be3-858a-a7063f0703f0;23e99da3-c5c9-4ce4-9ecc-35eb100dd56e;b7d4a0a5-66fa-432b-ae2c-0d555557a9e7;true;35;2025-12-17 08:44:23.879376+00;2025-12-17 08:44:23.447+00;2025-12-17 08:44:23.879376+00;2025-12-17 08:44:24.123416+00
07d42b5d-95a9-4ed3-a33f-64adfa93dde7;46e358c7-53f0-4be3-858a-a7063f0703f0;23e99da3-c5c9-4ce4-9ecc-35eb100dd56e;;false;35;2025-12-17 08:44:24.310911+00;;2025-12-17 08:44:24.310911+00;2025-12-17 08:44:24.310911+00
4cdd4dd4-2bba-4a03-a4f2-d62bb972f7de;616f2a58-669b-4c40-822e-adfef7058906;23e99da3-c5c9-4ce4-9ecc-35eb100dd56e;;false;35;2025-12-22 12:00:36.117415+00;;2025-12-22 12:00:36.117415+00;2025-12-22 12:00:36.117415+00
9b672298-443a-416d-a7a9-257889d8e58f;616f2a58-669b-4c40-822e-adfef7058906;23e99da3-c5c9-4ce4-9ecc-35eb100dd56e;;false;40;2025-12-22 12:00:40.382024+00;;2025-12-22 12:00:40.382024+00;2025-12-22 12:00:40.382024+00
184bd751-64a8-425a-9fb1-516473a7c8d1;616f2a58-669b-4c40-822e-adfef7058906;23e99da3-c5c9-4ce4-9ecc-35eb100dd56e;0e70c4e7-0b12-44fa-b81a-371093b05d6c;true;55.00000000000001;2025-12-22 12:00:57.152151+00;2025-12-22 12:00:56.482+00;2025-12-22 12:00:57.152151+00;2025-12-22 12:00:58.81749+00
d6f7a734-614c-492f-ad68-9acd19774cd4;616f2a58-669b-4c40-822e-adfef7058906;23e99da3-c5c9-4ce4-9ecc-35eb100dd56e;;false;55.00000000000001;2025-12-22 12:00:59.676231+00;;2025-12-22 12:00:59.676231+00;2025-12-22 12:00:59.676231+00
48626d36-3fcb-4827-9f94-a3dea0354bd2;616f2a58-669b-4c40-822e-adfef7058906;23e99da3-c5c9-4ce4-9ecc-35eb100dd56e;;false;55.00000000000001;2025-12-22 12:00:58.761251+00;;2025-12-22 12:00:58.761251+00;2025-12-22 12:00:58.761251+00
0c7a39d5-c9e4-4ff8-927d-af952d11b3ee;46e358c7-53f0-4be3-858a-a7063f0703f0;23e99da3-c5c9-4ce4-9ecc-35eb100dd56e;811a7582-ceb8-41b2-8ce9-299990768b83;true;40;2025-12-17 08:44:27.705831+00;2025-12-17 08:44:27.41+00;2025-12-17 08:44:27.705831+00;2025-12-17 08:44:28.111911+00
ca740bc2-87f1-44ba-8987-45a3597c1e37;46e358c7-53f0-4be3-858a-a7063f0703f0;23e99da3-c5c9-4ce4-9ecc-35eb100dd56e;;false;40;2025-12-17 08:44:28.117394+00;;2025-12-17 08:44:28.117394+00;2025-12-17 08:44:28.117394+00
0d1cc496-39ae-47c2-be5b-a3242c19bafa;46e358c7-53f0-4be3-858a-a7063f0703f0;23e99da3-c5c9-4ce4-9ecc-35eb100dd56e;;false;40;2025-12-17 08:44:28.239673+00;;2025-12-17 08:44:28.239673+00;2025-12-17 08:44:28.239673+00
5dd6e689-0a31-4016-bfe6-765adae6d761;46e358c7-53f0-4be3-858a-a7063f0703f0;23e99da3-c5c9-4ce4-9ecc-35eb100dd56e;;false;40;2025-12-17 08:44:28.253625+00;;2025-12-17 08:44:28.253625+00;2025-12-17 08:44:28.253625+00
4cbb1493-4dc2-4efa-b405-c547ef71b772;46e358c7-53f0-4be3-858a-a7063f0703f0;23e99da3-c5c9-4ce4-9ecc-35eb100dd56e;;false;40;2025-12-17 08:44:28.273084+00;;2025-12-17 08:44:28.273084+00;2025-12-17 08:44:28.273084+00
1133da58-3b43-4dad-bf61-e573fa6e344f;46e358c7-53f0-4be3-858a-a7063f0703f0;23e99da3-c5c9-4ce4-9ecc-35eb100dd56e;;false;40;2025-12-17 08:44:28.279993+00;;2025-12-17 08:44:28.279993+00;2025-12-17 08:44:28.279993+00
8521364e-0c1b-4806-a9ec-d079d4c24ef2;46e358c7-53f0-4be3-858a-a7063f0703f0;23e99da3-c5c9-4ce4-9ecc-35eb100dd56e;;false;40;2025-12-17 08:44:28.282246+00;;2025-12-17 08:44:28.282246+00;2025-12-17 08:44:28.282246+00
ef8eaf92-1daa-4e04-b81d-bb45c2410391;46e358c7-53f0-4be3-858a-a7063f0703f0;23e99da3-c5c9-4ce4-9ecc-35eb100dd56e;;false;40;2025-12-17 08:44:28.299581+00;;2025-12-17 08:44:28.299581+00;2025-12-17 08:44:28.299581+00
da9e9510-66a6-44b7-b361-3e7eb48d8034;46e358c7-53f0-4be3-858a-a7063f0703f0;23e99da3-c5c9-4ce4-9ecc-35eb100dd56e;;false;40;2025-12-17 08:44:28.317205+00;;2025-12-17 08:44:28.317205+00;2025-12-17 08:44:28.317205+00
14b3e45f-4d2d-4eda-8d15-63b34d0473ce;46e358c7-53f0-4be3-858a-a7063f0703f0;23e99da3-c5c9-4ce4-9ecc-35eb100dd56e;;false;40;2025-12-17 08:44:28.32649+00;;2025-12-17 08:44:28.32649+00;2025-12-17 08:44:28.32649+00
0849b01e-fe53-4e99-a7a3-b4fa37104a05;46e358c7-53f0-4be3-858a-a7063f0703f0;23e99da3-c5c9-4ce4-9ecc-35eb100dd56e;d0677888-cad9-4255-9892-54500b59b6cd;true;45;2025-12-17 08:44:37.652248+00;2025-12-17 08:44:36.971+00;2025-12-17 08:44:37.652248+00;2025-12-17 08:44:37.652248+00
237aaa5b-065c-468c-be60-7e64758c6b83;46e358c7-53f0-4be3-858a-a7063f0703f0;23e99da3-c5c9-4ce4-9ecc-35eb100dd56e;;false;45;2025-12-17 08:44:37.822351+00;;2025-12-17 08:44:37.822351+00;2025-12-17 08:44:37.822351+00
43fa3396-167f-4c6a-a2ab-96d326fc5a60;46e358c7-53f0-4be3-858a-a7063f0703f0;23e99da3-c5c9-4ce4-9ecc-35eb100dd56e;;false;50;2025-12-17 08:44:39.777644+00;;2025-12-17 08:44:39.777644+00;2025-12-17 08:44:39.777644+00
bd5435d8-f95d-42c2-b61a-cba3502d2a53;616f2a58-669b-4c40-822e-adfef7058906;23e99da3-c5c9-4ce4-9ecc-35eb100dd56e;;false;55.00000000000001;2025-12-22 12:00:59.723844+00;;2025-12-22 12:00:59.723844+00;2025-12-22 12:00:59.723844+00
5d40efbf-4db7-4ceb-bb76-10431c939692;729edbb5-3a37-4b62-b20b-2480dc5c7b2a;23e99da3-c5c9-4ce4-9ecc-35eb100dd56e;;false;25;2026-01-25 06:41:09.612094+00;;2026-01-25 06:41:09.612094+00;2026-01-25 06:41:09.612094+00
f7d79b56-085d-42ab-ad95-9bb403510c30;616f2a58-669b-4c40-822e-adfef7058906;23e99da3-c5c9-4ce4-9ecc-35eb100dd56e;7eb70da4-73c8-4a2c-97d3-036ea3ac44ce;true;50;2025-12-22 12:00:43.99463+00;2025-12-22 12:00:42.045+00;2025-12-22 12:00:43.99463+00;2025-12-22 12:00:44.262878+00
7bf96d01-875b-4db2-a868-1996e2155846;616f2a58-669b-4c40-822e-adfef7058906;23e99da3-c5c9-4ce4-9ecc-35eb100dd56e;;false;65;2025-12-22 12:01:03.331383+00;;2025-12-22 12:01:03.331383+00;2025-12-22 12:01:03.331383+00
0a4f9a71-5da8-46f9-a979-8fbda0ef6806;616f2a58-669b-4c40-822e-adfef7058906;23e99da3-c5c9-4ce4-9ecc-35eb100dd56e;;false;70;2025-12-22 12:01:04.687987+00;;2025-12-22 12:01:04.687987+00;2025-12-22 12:01:04.687987+00
69193acb-ba0d-48ec-80ff-c5e04f45719a;616f2a58-669b-4c40-822e-adfef7058906;23e99da3-c5c9-4ce4-9ecc-35eb100dd56e;;false;75;2025-12-22 12:01:06.809433+00;;2025-12-22 12:01:06.809433+00;2025-12-22 12:01:06.809433+00
c6657be8-1db5-4aad-b7eb-def6ac817841;616f2a58-669b-4c40-822e-adfef7058906;23e99da3-c5c9-4ce4-9ecc-35eb100dd56e;;false;85;2025-12-22 12:01:10.390307+00;;2025-12-22 12:01:10.390307+00;2025-12-22 12:01:10.390307+00
98f17644-27df-417f-9154-7f09bd72850a;616f2a58-669b-4c40-822e-adfef7058906;23e99da3-c5c9-4ce4-9ecc-35eb100dd56e;;false;90;2025-12-22 12:01:11.483068+00;;2025-12-22 12:01:11.483068+00;2025-12-22 12:01:11.483068+00
fe903082-6279-4e60-9ade-577264adea50;616f2a58-669b-4c40-822e-adfef7058906;23e99da3-c5c9-4ce4-9ecc-35eb100dd56e;;false;100;2025-12-22 12:01:14.486724+00;;2025-12-22 12:01:14.486724+00;2025-12-22 12:01:14.486724+00
8edab42e-e279-4bf4-a2f8-b47189b545cb;24984dc4-fcf2-4511-ba4e-9faa5a745823;23e99da3-c5c9-4ce4-9ecc-35eb100dd56e;;false;10;2025-12-20 17:58:40.148019+00;;2025-12-20 17:58:40.148019+00;2025-12-20 17:58:40.148019+00
c3180980-4501-4a06-918b-19cd1fda535d;46e358c7-53f0-4be3-858a-a7063f0703f0;23e99da3-c5c9-4ce4-9ecc-35eb100dd56e;7eb70da4-73c8-4a2c-97d3-036ea3ac44ce;true;50;2025-12-17 08:44:39.544447+00;2025-12-17 08:44:38.863+00;2025-12-17 08:44:39.544447+00;2025-12-17 08:44:39.582747+00
f65a11e2-0910-4bc7-9366-864e6006096a;46e358c7-53f0-4be3-858a-a7063f0703f0;23e99da3-c5c9-4ce4-9ecc-35eb100dd56e;;false;55.00000000000001;2025-12-17 08:44:40.950898+00;;2025-12-17 08:44:40.950898+00;2025-12-17 08:44:40.950898+00
37050664-92b2-48c8-9457-b4e9259af30a;46e358c7-53f0-4be3-858a-a7063f0703f0;23e99da3-c5c9-4ce4-9ecc-35eb100dd56e;;false;60;2025-12-17 08:44:42.672941+00;;2025-12-17 08:44:42.672941+00;2025-12-17 08:44:42.672941+00
7fac1476-e190-4f15-bb77-a5ca272706a0;46e358c7-53f0-4be3-858a-a7063f0703f0;23e99da3-c5c9-4ce4-9ecc-35eb100dd56e;;false;65;2025-12-17 08:44:43.837081+00;;2025-12-17 08:44:43.837081+00;2025-12-17 08:44:43.837081+00
cc7c32fd-6b39-421c-a84c-01698984ddc4;46e358c7-53f0-4be3-858a-a7063f0703f0;23e99da3-c5c9-4ce4-9ecc-35eb100dd56e;;false;70;2025-12-17 08:44:46.712128+00;;2025-12-17 08:44:46.712128+00;2025-12-17 08:44:46.712128+00
1016bad6-65ba-49cf-90fa-0b1d3eb0b2d6;46e358c7-53f0-4be3-858a-a7063f0703f0;23e99da3-c5c9-4ce4-9ecc-35eb100dd56e;;false;75;2025-12-17 08:44:48.632171+00;;2025-12-17 08:44:48.632171+00;2025-12-17 08:44:48.632171+00
ed428088-ef01-4909-af04-b05b200dd9d3;46e358c7-53f0-4be3-858a-a7063f0703f0;23e99da3-c5c9-4ce4-9ecc-35eb100dd56e;;false;100;2025-12-17 08:44:55.87856+00;;2025-12-17 08:44:55.87856+00;2025-12-17 08:44:55.87856+00
4cc68519-b0e0-40f8-aaf7-46b13138ce45;616f2a58-669b-4c40-822e-adfef7058906;23e99da3-c5c9-4ce4-9ecc-35eb100dd56e;;false;5;2025-12-22 12:00:22.901761+00;;2025-12-22 12:00:22.901761+00;2025-12-22 12:00:22.901761+00
687d3c66-cfcf-4f7c-be39-da97116edf79;616f2a58-669b-4c40-822e-adfef7058906;23e99da3-c5c9-4ce4-9ecc-35eb100dd56e;;false;10;2025-12-22 12:00:25.857419+00;;2025-12-22 12:00:25.857419+00;2025-12-22 12:00:25.857419+00
afbc8f61-2c3a-4a90-84cb-e0f05555c5bd;616f2a58-669b-4c40-822e-adfef7058906;23e99da3-c5c9-4ce4-9ecc-35eb100dd56e;;false;20;2025-12-22 12:00:29.911598+00;;2025-12-22 12:00:29.911598+00;2025-12-22 12:00:29.911598+00
6001d41e-ee48-48be-88ee-412369366ba3;616f2a58-669b-4c40-822e-adfef7058906;23e99da3-c5c9-4ce4-9ecc-35eb100dd56e;;false;30;2025-12-22 12:00:33.829427+00;;2025-12-22 12:00:33.829427+00;2025-12-22 12:00:33.829427+00
0365423a-3110-4c66-a10d-44624e9477e0;616f2a58-669b-4c40-822e-adfef7058906;23e99da3-c5c9-4ce4-9ecc-35eb100dd56e;;false;35;2025-12-22 12:00:36.130235+00;;2025-12-22 12:00:36.130235+00;2025-12-22 12:00:36.130235+00
b5feb4d0-df54-4afc-8876-041ee7a0b93c;616f2a58-669b-4c40-822e-adfef7058906;23e99da3-c5c9-4ce4-9ecc-35eb100dd56e;;false;40;2025-12-22 12:00:40.404928+00;;2025-12-22 12:00:40.404928+00;2025-12-22 12:00:40.404928+00
d13221e4-fa54-47d7-b665-b927b7a6a20f;616f2a58-669b-4c40-822e-adfef7058906;23e99da3-c5c9-4ce4-9ecc-35eb100dd56e;;false;50;2025-12-22 12:00:44.426352+00;;2025-12-22 12:00:44.426352+00;2025-12-22 12:00:44.426352+00
747fd59b-9c97-4eae-b4d2-8cde7b651c50;616f2a58-669b-4c40-822e-adfef7058906;23e99da3-c5c9-4ce4-9ecc-35eb100dd56e;;false;55.00000000000001;2025-12-22 12:00:59.67938+00;;2025-12-22 12:00:59.67938+00;2025-12-22 12:00:59.67938+00
0494cc1b-5e54-4b16-b1ec-4e64d34b935e;616f2a58-669b-4c40-822e-adfef7058906;23e99da3-c5c9-4ce4-9ecc-35eb100dd56e;;false;55.00000000000001;2025-12-22 12:00:59.729139+00;;2025-12-22 12:00:59.729139+00;2025-12-22 12:00:59.729139+00
b4d63796-a006-431b-b685-14fe754e4f86;616f2a58-669b-4c40-822e-adfef7058906;23e99da3-c5c9-4ce4-9ecc-35eb100dd56e;;false;65;2025-12-22 12:01:03.515225+00;;2025-12-22 12:01:03.515225+00;2025-12-22 12:01:03.515225+00
7045db0a-8246-41ee-9d98-bd2a6a8b7840;616f2a58-669b-4c40-822e-adfef7058906;23e99da3-c5c9-4ce4-9ecc-35eb100dd56e;;false;80;2025-12-22 12:01:08.80625+00;;2025-12-22 12:01:08.80625+00;2025-12-22 12:01:08.80625+00
e0e22401-c73d-43ca-9a40-3c427177ba39;616f2a58-669b-4c40-822e-adfef7058906;23e99da3-c5c9-4ce4-9ecc-35eb100dd56e;;false;85;2025-12-22 12:01:10.583604+00;;2025-12-22 12:01:10.583604+00;2025-12-22 12:01:10.583604+00
06de759a-834e-4e4d-b35b-9fee18d08955;616f2a58-669b-4c40-822e-adfef7058906;23e99da3-c5c9-4ce4-9ecc-35eb100dd56e;;false;95;2025-12-22 12:01:12.91868+00;;2025-12-22 12:01:12.91868+00;2025-12-22 12:01:12.91868+00
16193794-7329-43b4-b204-cbdcabcf0697;616f2a58-669b-4c40-822e-adfef7058906;23e99da3-c5c9-4ce4-9ecc-35eb100dd56e;;false;100;2025-12-22 12:01:14.693382+00;;2025-12-22 12:01:14.693382+00;2025-12-22 12:01:14.693382+00
5228fa92-3bf6-42d2-b6c6-1780332e8253;46e358c7-53f0-4be3-858a-a7063f0703f0;23e99da3-c5c9-4ce4-9ecc-35eb100dd56e;;false;50;2025-12-17 08:44:39.806237+00;;2025-12-17 08:44:39.806237+00;2025-12-17 08:44:39.806237+00
711e8bc4-a7f2-4b70-8fa5-dc9edc1dd7bc;46e358c7-53f0-4be3-858a-a7063f0703f0;23e99da3-c5c9-4ce4-9ecc-35eb100dd56e;c468f784-bd56-4700-b298-22cf1594064e;true;65;2025-12-17 08:44:43.458187+00;2025-12-17 08:44:42.984+00;2025-12-17 08:44:43.458187+00;2025-12-17 08:44:43.662851+00
dcff38d9-75d9-49dc-8c01-78c1f7173e27;46e358c7-53f0-4be3-858a-a7063f0703f0;23e99da3-c5c9-4ce4-9ecc-35eb100dd56e;;false;70;2025-12-17 08:44:46.705805+00;;2025-12-17 08:44:46.705805+00;2025-12-17 08:44:46.705805+00
29885b79-1554-44ec-a9fe-c9308c8c62a5;46e358c7-53f0-4be3-858a-a7063f0703f0;23e99da3-c5c9-4ce4-9ecc-35eb100dd56e;;false;80;2025-12-17 08:44:50.498838+00;;2025-12-17 08:44:50.498838+00;2025-12-17 08:44:50.498838+00
722be02a-1f6f-48ae-8ed4-42c499304f33;46e358c7-53f0-4be3-858a-a7063f0703f0;23e99da3-c5c9-4ce4-9ecc-35eb100dd56e;;false;85;2025-12-17 08:44:52.405335+00;;2025-12-17 08:44:52.405335+00;2025-12-17 08:44:52.405335+00
836ce4d5-d087-46ed-8826-6b45bc226c2a;46e358c7-53f0-4be3-858a-a7063f0703f0;23e99da3-c5c9-4ce4-9ecc-35eb100dd56e;;false;85;2025-12-17 08:44:52.615577+00;;2025-12-17 08:44:52.615577+00;2025-12-17 08:44:52.615577+00
85eb28f6-64e6-4023-87a7-11ac1a07a02b;46e358c7-53f0-4be3-858a-a7063f0703f0;23e99da3-c5c9-4ce4-9ecc-35eb100dd56e;;false;95;2025-12-17 08:44:54.982226+00;;2025-12-17 08:44:54.982226+00;2025-12-17 08:44:54.982226+00
2b3c2ca8-bdc5-4699-9109-ffa564090c9e;24984dc4-fcf2-4511-ba4e-9faa5a745823;23e99da3-c5c9-4ce4-9ecc-35eb100dd56e;2fc7d97c-3bf3-4ca3-83ae-d8f78f400a78;true;15;2025-12-20 17:59:56.182541+00;2025-12-20 17:59:56.654+00;2025-12-20 17:59:56.182541+00;2025-12-20 17:59:56.182541+00
fe6c05a6-63c9-4a85-a34f-ebbce338722b;616f2a58-669b-4c40-822e-adfef7058906;23e99da3-c5c9-4ce4-9ecc-35eb100dd56e;;false;5;2025-12-22 12:00:23.176798+00;;2025-12-22 12:00:23.176798+00;2025-12-22 12:00:23.176798+00
9469fc6c-b819-4a7b-8728-3b729ca66638;616f2a58-669b-4c40-822e-adfef7058906;23e99da3-c5c9-4ce4-9ecc-35eb100dd56e;;false;10;2025-12-22 12:00:26.023031+00;;2025-12-22 12:00:26.023031+00;2025-12-22 12:00:26.023031+00
ecf61d9c-1039-4c47-81e6-f43e26b3db5b;616f2a58-669b-4c40-822e-adfef7058906;23e99da3-c5c9-4ce4-9ecc-35eb100dd56e;;false;15;2025-12-22 12:00:28.654132+00;;2025-12-22 12:00:28.654132+00;2025-12-22 12:00:28.654132+00
c240c017-8c29-4d76-aee5-c4258bacae47;616f2a58-669b-4c40-822e-adfef7058906;23e99da3-c5c9-4ce4-9ecc-35eb100dd56e;;false;25;2025-12-22 12:00:33.090759+00;;2025-12-22 12:00:33.090759+00;2025-12-22 12:00:33.090759+00
c2dd330b-5e9e-4842-bfbe-5aca3d86e3e0;616f2a58-669b-4c40-822e-adfef7058906;23e99da3-c5c9-4ce4-9ecc-35eb100dd56e;;false;30;2025-12-22 12:00:34.011227+00;;2025-12-22 12:00:34.011227+00;2025-12-22 12:00:34.011227+00
0f828c1d-19a3-45cb-a7e6-d120c649ed8f;616f2a58-669b-4c40-822e-adfef7058906;23e99da3-c5c9-4ce4-9ecc-35eb100dd56e;;false;40;2025-12-22 12:00:40.261862+00;;2025-12-22 12:00:40.261862+00;2025-12-22 12:00:40.261862+00
ded22e46-6361-4533-93f2-01be898aedfe;616f2a58-669b-4c40-822e-adfef7058906;23e99da3-c5c9-4ce4-9ecc-35eb100dd56e;;false;40;2025-12-22 12:00:40.426787+00;;2025-12-22 12:00:40.426787+00;2025-12-22 12:00:40.426787+00
47959250-a55d-4951-a5eb-88741096b45b;616f2a58-669b-4c40-822e-adfef7058906;23e99da3-c5c9-4ce4-9ecc-35eb100dd56e;;false;45;2025-12-22 12:00:42.082406+00;;2025-12-22 12:00:42.082406+00;2025-12-22 12:00:42.082406+00
db830032-f98a-42d1-8360-c038e9cabcf9;616f2a58-669b-4c40-822e-adfef7058906;23e99da3-c5c9-4ce4-9ecc-35eb100dd56e;;false;50;2025-12-22 12:00:44.457487+00;;2025-12-22 12:00:44.457487+00;2025-12-22 12:00:44.457487+00
a65410ca-c2da-4c0e-b276-1778cca878fa;616f2a58-669b-4c40-822e-adfef7058906;23e99da3-c5c9-4ce4-9ecc-35eb100dd56e;;false;55.00000000000001;2025-12-22 12:00:58.62114+00;;2025-12-22 12:00:58.62114+00;2025-12-22 12:00:58.62114+00
265a5303-9a1b-4d48-884d-8dc446109149;616f2a58-669b-4c40-822e-adfef7058906;23e99da3-c5c9-4ce4-9ecc-35eb100dd56e;;false;55.00000000000001;2025-12-22 12:00:58.709056+00;;2025-12-22 12:00:58.709056+00;2025-12-22 12:00:58.709056+00
9dd14c4d-5dce-46f0-85a7-314189d776f4;616f2a58-669b-4c40-822e-adfef7058906;23e99da3-c5c9-4ce4-9ecc-35eb100dd56e;;false;55.00000000000001;2025-12-22 12:00:58.799504+00;;2025-12-22 12:00:58.799504+00;2025-12-22 12:00:58.799504+00
9962a903-0dc3-464a-9ce8-4b60ee9c4f30;616f2a58-669b-4c40-822e-adfef7058906;23e99da3-c5c9-4ce4-9ecc-35eb100dd56e;;false;55.00000000000001;2025-12-22 12:00:59.71857+00;;2025-12-22 12:00:59.71857+00;2025-12-22 12:00:59.71857+00
fb9778b5-d477-41f6-8c4b-70770fbcd8e1;616f2a58-669b-4c40-822e-adfef7058906;23e99da3-c5c9-4ce4-9ecc-35eb100dd56e;;false;60;2025-12-22 12:01:02.588629+00;;2025-12-22 12:01:02.588629+00;2025-12-22 12:01:02.588629+00
a7a8ddcd-2c26-44d3-8f16-f071c8c0afd9;616f2a58-669b-4c40-822e-adfef7058906;23e99da3-c5c9-4ce4-9ecc-35eb100dd56e;;false;70;2025-12-22 12:01:04.494605+00;;2025-12-22 12:01:04.494605+00;2025-12-22 12:01:04.494605+00
3954d040-0034-40d1-9809-99df1f6f09b9;616f2a58-669b-4c40-822e-adfef7058906;23e99da3-c5c9-4ce4-9ecc-35eb100dd56e;;false;75;2025-12-22 12:01:06.486748+00;;2025-12-22 12:01:06.486748+00;2025-12-22 12:01:06.486748+00
a4e67168-0b02-40c8-8318-a0585e387930;616f2a58-669b-4c40-822e-adfef7058906;23e99da3-c5c9-4ce4-9ecc-35eb100dd56e;;false;75;2025-12-22 12:01:06.700528+00;;2025-12-22 12:01:06.700528+00;2025-12-22 12:01:06.700528+00
be9c2c64-4faf-4cc7-bd5e-01fc22689cee;616f2a58-669b-4c40-822e-adfef7058906;23e99da3-c5c9-4ce4-9ecc-35eb100dd56e;;false;80;2025-12-22 12:01:09.427373+00;;2025-12-22 12:01:09.427373+00;2025-12-22 12:01:09.427373+00
6bef06d3-a0bf-4467-b84f-90636d94fe17;616f2a58-669b-4c40-822e-adfef7058906;23e99da3-c5c9-4ce4-9ecc-35eb100dd56e;;false;90;2025-12-22 12:01:11.235091+00;;2025-12-22 12:01:11.235091+00;2025-12-22 12:01:11.235091+00
bea5030f-3c94-4718-a4b4-c21615545381;46e358c7-53f0-4be3-858a-a7063f0703f0;23e99da3-c5c9-4ce4-9ecc-35eb100dd56e;;false;50;2025-12-17 08:44:39.819006+00;;2025-12-17 08:44:39.819006+00;2025-12-17 08:44:39.819006+00
0332459b-da8f-4f87-b65a-a36ebccaa5d4;46e358c7-53f0-4be3-858a-a7063f0703f0;23e99da3-c5c9-4ce4-9ecc-35eb100dd56e;;false;65;2025-12-17 08:44:43.662438+00;;2025-12-17 08:44:43.662438+00;2025-12-17 08:44:43.662438+00
566af8e0-08c9-4cd9-9a75-cfcc49b02219;24984dc4-fcf2-4511-ba4e-9faa5a745823;23e99da3-c5c9-4ce4-9ecc-35eb100dd56e;;false;15;2025-12-20 17:59:56.455391+00;;2025-12-20 17:59:56.455391+00;2025-12-20 17:59:56.455391+00
9691578a-3f34-459b-b755-fdfde6a76850;46e358c7-53f0-4be3-858a-a7063f0703f0;23e99da3-c5c9-4ce4-9ecc-35eb100dd56e;010dd7a2-34e8-463b-9e74-f9f586c33bc7;true;75;2025-12-17 08:44:47.499214+00;2025-12-17 08:44:47.768+00;2025-12-17 08:44:47.499214+00;2025-12-17 08:44:48.45413+00
4d72f604-8c21-443c-8a18-28291836a18d;46e358c7-53f0-4be3-858a-a7063f0703f0;23e99da3-c5c9-4ce4-9ecc-35eb100dd56e;4ef8a855-f4ca-4cc7-b0b9-5ec4aaeb6e3f;true;80;2025-12-17 08:44:50.071332+00;2025-12-17 08:44:49.619+00;2025-12-17 08:44:50.071332+00;2025-12-17 08:44:50.294308+00
fdba1b52-90ce-483b-9dcd-9c1f279bbe82;46e358c7-53f0-4be3-858a-a7063f0703f0;23e99da3-c5c9-4ce4-9ecc-35eb100dd56e;;false;85;2025-12-17 08:44:52.606584+00;;2025-12-17 08:44:52.606584+00;2025-12-17 08:44:52.606584+00
bdd903f7-f5d6-4938-8a1e-c907cee24fb9;616f2a58-669b-4c40-822e-adfef7058906;23e99da3-c5c9-4ce4-9ecc-35eb100dd56e;;false;10;2025-12-22 12:00:25.763828+00;;2025-12-22 12:00:25.763828+00;2025-12-22 12:00:25.763828+00
007e3683-262d-4355-a038-860be70b9730;616f2a58-669b-4c40-822e-adfef7058906;23e99da3-c5c9-4ce4-9ecc-35eb100dd56e;;false;10;2025-12-22 12:00:25.993214+00;;2025-12-22 12:00:25.993214+00;2025-12-22 12:00:25.993214+00
b6eaefc6-1787-4e19-bf24-01b248a7b812;616f2a58-669b-4c40-822e-adfef7058906;23e99da3-c5c9-4ce4-9ecc-35eb100dd56e;f3fb8cc2-d398-4062-bd6b-114d0909e7b7;true;25;2025-12-22 12:00:32.492714+00;2025-12-22 12:00:30.957+00;2025-12-22 12:00:32.492714+00;2025-12-22 12:00:33.109413+00
0644d00a-b850-4d03-baa0-868d03337d4a;616f2a58-669b-4c40-822e-adfef7058906;23e99da3-c5c9-4ce4-9ecc-35eb100dd56e;811a7582-ceb8-41b2-8ce9-299990768b83;true;40;2025-12-22 12:00:38.382857+00;2025-12-22 12:00:38.049+00;2025-12-22 12:00:38.382857+00;2025-12-22 12:00:40.281104+00
e5e3b548-8d49-44b0-bf1b-5affc017fd76;616f2a58-669b-4c40-822e-adfef7058906;23e99da3-c5c9-4ce4-9ecc-35eb100dd56e;;false;40;2025-12-22 12:00:40.423684+00;;2025-12-22 12:00:40.423684+00;2025-12-22 12:00:40.423684+00
0b2f12ad-49d0-4f9a-bfb3-03716aabb4a1;616f2a58-669b-4c40-822e-adfef7058906;23e99da3-c5c9-4ce4-9ecc-35eb100dd56e;;false;45;2025-12-22 12:00:41.869654+00;;2025-12-22 12:00:41.869654+00;2025-12-22 12:00:41.869654+00
fa0a2d8d-061e-4d26-9c1c-e69ba227853a;616f2a58-669b-4c40-822e-adfef7058906;23e99da3-c5c9-4ce4-9ecc-35eb100dd56e;;false;45;2025-12-22 12:00:42.059947+00;;2025-12-22 12:00:42.059947+00;2025-12-22 12:00:42.059947+00
a97f1e5e-7a44-45c8-808c-6ceeef1b0a6c;616f2a58-669b-4c40-822e-adfef7058906;23e99da3-c5c9-4ce4-9ecc-35eb100dd56e;;false;50;2025-12-22 12:00:44.449852+00;;2025-12-22 12:00:44.449852+00;2025-12-22 12:00:44.449852+00
9ac5fe7a-47d1-4416-8ebf-48c7c5ca13a2;616f2a58-669b-4c40-822e-adfef7058906;23e99da3-c5c9-4ce4-9ecc-35eb100dd56e;;false;55.00000000000001;2025-12-22 12:00:58.612633+00;;2025-12-22 12:00:58.612633+00;2025-12-22 12:00:58.612633+00
91acc454-8a95-43a8-8856-0628178b2195;616f2a58-669b-4c40-822e-adfef7058906;23e99da3-c5c9-4ce4-9ecc-35eb100dd56e;;false;55.00000000000001;2025-12-22 12:00:58.785024+00;;2025-12-22 12:00:58.785024+00;2025-12-22 12:00:58.785024+00
b576eb52-4745-46c5-92e2-7380142a139c;616f2a58-669b-4c40-822e-adfef7058906;23e99da3-c5c9-4ce4-9ecc-35eb100dd56e;;false;55.00000000000001;2025-12-22 12:00:59.717856+00;;2025-12-22 12:00:59.717856+00;2025-12-22 12:00:59.717856+00
66977039-2b1f-4f47-b79f-8ae0905082d9;616f2a58-669b-4c40-822e-adfef7058906;23e99da3-c5c9-4ce4-9ecc-35eb100dd56e;e1d9502a-4c27-457c-9635-ec140c652068;true;60;2025-12-22 12:01:02.41338+00;2025-12-22 12:01:00.272+00;2025-12-22 12:01:02.41338+00;2025-12-22 12:01:02.41338+00
e5bc57ec-4d2c-41e5-bc4a-2d491efb2843;616f2a58-669b-4c40-822e-adfef7058906;23e99da3-c5c9-4ce4-9ecc-35eb100dd56e;8d788181-ea4d-40b2-9f91-6732f97debcb;true;70;2025-12-22 12:01:04.237217+00;2025-12-22 12:01:02.355+00;2025-12-22 12:01:04.237217+00;2025-12-22 12:01:04.508336+00
dc00c474-bcdb-47fd-9f16-a96bdc813145;616f2a58-669b-4c40-822e-adfef7058906;23e99da3-c5c9-4ce4-9ecc-35eb100dd56e;af3883fd-07da-457e-aa38-a67516237603;true;90;2025-12-22 12:01:10.951916+00;2025-12-22 12:01:09.087+00;2025-12-22 12:01:10.951916+00;2025-12-22 12:01:11.253116+00
70be8b22-c663-4bb9-b874-6ab7688bb8c1;616f2a58-669b-4c40-822e-adfef7058906;23e99da3-c5c9-4ce4-9ecc-35eb100dd56e;6714b620-aa12-4535-85ae-cec4fa85559b;true;100;2025-12-22 12:01:13.881765+00;2025-12-22 12:01:12.336+00;2025-12-22 12:01:13.881765+00;2025-12-22 12:01:14.528616+00
d4325ce2-ef54-4366-95e4-51201d6dfee2;46e358c7-53f0-4be3-858a-a7063f0703f0;23e99da3-c5c9-4ce4-9ecc-35eb100dd56e;0e70c4e7-0b12-44fa-b81a-371093b05d6c;true;55.00000000000001;2025-12-17 08:44:40.76222+00;2025-12-17 08:44:40.283+00;2025-12-17 08:44:40.76222+00;2025-12-17 08:44:40.970362+00
6d5f976f-6968-4b03-9f33-ce429ef86865;46e358c7-53f0-4be3-858a-a7063f0703f0;23e99da3-c5c9-4ce4-9ecc-35eb100dd56e;;false;70;2025-12-17 08:44:46.711123+00;;2025-12-17 08:44:46.711123+00;2025-12-17 08:44:46.711123+00
6f82170b-2880-4cd4-b02f-615bc4340e5a;46e358c7-53f0-4be3-858a-a7063f0703f0;23e99da3-c5c9-4ce4-9ecc-35eb100dd56e;;false;75;2025-12-17 08:44:48.61676+00;;2025-12-17 08:44:48.61676+00;2025-12-17 08:44:48.61676+00
e71ab3cd-c5b9-4596-90e1-6f9af9df2091;fc1a20a7-df28-4a2a-b16c-f5adf45f1291;23e99da3-c5c9-4ce4-9ecc-35eb100dd56e;;false;0;2025-12-22 07:00:42.688712+00;;2025-12-22 07:00:42.688712+00;2025-12-22 07:00:42.688712+00
bc1ef209-e23f-4711-97ea-bad297db9284;616f2a58-669b-4c40-822e-adfef7058906;23e99da3-c5c9-4ce4-9ecc-35eb100dd56e;;false;10;2025-12-22 12:00:26.411849+00;;2025-12-22 12:00:26.411849+00;2025-12-22 12:00:26.411849+00
a3fad61d-07c5-41f3-9a10-240ae9ab23ef;616f2a58-669b-4c40-822e-adfef7058906;23e99da3-c5c9-4ce4-9ecc-35eb100dd56e;;false;15;2025-12-22 12:00:28.686014+00;;2025-12-22 12:00:28.686014+00;2025-12-22 12:00:28.686014+00
a111c1a1-8db8-4875-addb-5f9340b51a72;46e358c7-53f0-4be3-858a-a7063f0703f0;23e99da3-c5c9-4ce4-9ecc-35eb100dd56e;;false;85;2025-12-17 08:44:52.40878+00;;2025-12-17 08:44:52.40878+00;2025-12-17 08:44:52.40878+00
f0ace853-80d2-4226-a12f-83e7043ab287;616f2a58-669b-4c40-822e-adfef7058906;23e99da3-c5c9-4ce4-9ecc-35eb100dd56e;;false;25;2025-12-22 12:00:33.284093+00;;2025-12-22 12:00:33.284093+00;2025-12-22 12:00:33.284093+00
dc3f8cbf-a285-48cd-9929-a5412292c5d6;46e358c7-53f0-4be3-858a-a7063f0703f0;23e99da3-c5c9-4ce4-9ecc-35eb100dd56e;e0cafb03-c8a2-4b57-9a87-2fd1d40607dd;true;85;2025-12-17 08:44:51.942408+00;2025-12-17 08:44:51.734+00;2025-12-17 08:44:51.942408+00;2025-12-17 08:44:52.429554+00
aae04c0a-71f7-4caf-8247-b7710dc4710e;46e358c7-53f0-4be3-858a-a7063f0703f0;23e99da3-c5c9-4ce4-9ecc-35eb100dd56e;;false;90;2025-12-17 08:44:53.192453+00;;2025-12-17 08:44:53.192453+00;2025-12-17 08:44:53.192453+00
7fc50de3-903a-42e3-a490-9222f93441fe;46e358c7-53f0-4be3-858a-a7063f0703f0;23e99da3-c5c9-4ce4-9ecc-35eb100dd56e;6714b620-aa12-4535-85ae-cec4fa85559b;true;100;2025-12-17 08:44:55.640307+00;2025-12-17 08:44:55.199+00;2025-12-17 08:44:55.640307+00;2025-12-17 08:44:55.893873+00
e50c1e19-cd11-462f-8f54-874452424cbc;616f2a58-669b-4c40-822e-adfef7058906;23e99da3-c5c9-4ce4-9ecc-35eb100dd56e;;false;35;2025-12-22 12:00:35.813147+00;;2025-12-22 12:00:35.813147+00;2025-12-22 12:00:35.813147+00
83f16185-2d75-470a-803e-923e9c0ad239;616f2a58-669b-4c40-822e-adfef7058906;23e99da3-c5c9-4ce4-9ecc-35eb100dd56e;;false;35;2025-12-22 12:00:36.019833+00;;2025-12-22 12:00:36.019833+00;2025-12-22 12:00:36.019833+00
8f9d0317-be49-4714-a867-c32c64303b93;616f2a58-669b-4c40-822e-adfef7058906;23e99da3-c5c9-4ce4-9ecc-35eb100dd56e;;false;40;2025-12-22 12:00:41.003509+00;;2025-12-22 12:00:41.003509+00;2025-12-22 12:00:41.003509+00
b6c6a187-6d44-41b7-9d1e-efa2fb2351fd;616f2a58-669b-4c40-822e-adfef7058906;23e99da3-c5c9-4ce4-9ecc-35eb100dd56e;;false;45;2025-12-22 12:00:41.910272+00;;2025-12-22 12:00:41.910272+00;2025-12-22 12:00:41.910272+00
82ff3286-8c0f-4e87-a6dc-1aab1cd3a2d4;616f2a58-669b-4c40-822e-adfef7058906;23e99da3-c5c9-4ce4-9ecc-35eb100dd56e;;false;45;2025-12-22 12:00:42.173501+00;;2025-12-22 12:00:42.173501+00;2025-12-22 12:00:42.173501+00
7ad40043-af83-4e7c-9228-ee82764046b7;616f2a58-669b-4c40-822e-adfef7058906;23e99da3-c5c9-4ce4-9ecc-35eb100dd56e;;false;50;2025-12-22 12:00:44.49615+00;;2025-12-22 12:00:44.49615+00;2025-12-22 12:00:44.49615+00
4db56a90-cf91-4344-bc35-b538df609e6a;616f2a58-669b-4c40-822e-adfef7058906;23e99da3-c5c9-4ce4-9ecc-35eb100dd56e;;false;55.00000000000001;2025-12-22 12:00:58.649617+00;;2025-12-22 12:00:58.649617+00;2025-12-22 12:00:58.649617+00
e23bebfd-530d-4a52-ae00-5c5ca7a7f167;616f2a58-669b-4c40-822e-adfef7058906;23e99da3-c5c9-4ce4-9ecc-35eb100dd56e;;false;55.00000000000001;2025-12-22 12:00:59.722931+00;;2025-12-22 12:00:59.722931+00;2025-12-22 12:00:59.722931+00
04f91ebb-a305-4ad9-9355-c3342b0c8bf8;616f2a58-669b-4c40-822e-adfef7058906;23e99da3-c5c9-4ce4-9ecc-35eb100dd56e;;false;75;2025-12-22 12:01:06.531524+00;;2025-12-22 12:01:06.531524+00;2025-12-22 12:01:06.531524+00
2e2ec1d3-1b94-4032-ba29-3b0ec54e79d0;616f2a58-669b-4c40-822e-adfef7058906;23e99da3-c5c9-4ce4-9ecc-35eb100dd56e;010dd7a2-34e8-463b-9e74-f9f586c33bc7;true;75;2025-12-22 12:01:06.115136+00;2025-12-22 12:01:04.355+00;2025-12-22 12:01:06.115136+00;2025-12-22 12:01:06.560515+00
ba02cae8-eab1-40d7-986a-28513371ccf4;616f2a58-669b-4c40-822e-adfef7058906;23e99da3-c5c9-4ce4-9ecc-35eb100dd56e;4ef8a855-f4ca-4cc7-b0b9-5ec4aaeb6e3f;true;80;2025-12-22 12:01:08.532271+00;2025-12-22 12:01:06.672+00;2025-12-22 12:01:08.532271+00;2025-12-22 12:01:08.826867+00
f4d093d1-a8a3-40ef-8073-2a8d66548542;616f2a58-669b-4c40-822e-adfef7058906;23e99da3-c5c9-4ce4-9ecc-35eb100dd56e;7d3541b5-56a8-40af-bc75-4da54555bd46;true;95;2025-12-22 12:01:12.739892+00;2025-12-22 12:01:10.6+00;2025-12-22 12:01:12.739892+00;2025-12-22 12:01:12.739892+00
ce0df9aa-ad75-4497-a361-3408bf81cea0;46e358c7-53f0-4be3-858a-a7063f0703f0;23e99da3-c5c9-4ce4-9ecc-35eb100dd56e;;false;55.00000000000001;2025-12-17 08:44:41.157079+00;;2025-12-17 08:44:41.157079+00;2025-12-17 08:44:41.157079+00
36f886bc-003a-4026-ba19-f591d0ca7c1e;46e358c7-53f0-4be3-858a-a7063f0703f0;23e99da3-c5c9-4ce4-9ecc-35eb100dd56e;;false;60;2025-12-17 08:44:42.711845+00;;2025-12-17 08:44:42.711845+00;2025-12-17 08:44:42.711845+00
4bd6be88-eb37-4e58-bbae-51cf43369a80;46e358c7-53f0-4be3-858a-a7063f0703f0;23e99da3-c5c9-4ce4-9ecc-35eb100dd56e;;false;70;2025-12-17 08:44:46.5183+00;;2025-12-17 08:44:46.5183+00;2025-12-17 08:44:46.5183+00
d93518b6-f5c2-4ac4-ada5-4df1834a70ba;46e358c7-53f0-4be3-858a-a7063f0703f0;23e99da3-c5c9-4ce4-9ecc-35eb100dd56e;;false;75;2025-12-17 08:44:48.203754+00;;2025-12-17 08:44:48.203754+00;2025-12-17 08:44:48.203754+00
666aa548-a9a8-4582-b2d7-879e243d7546;46e358c7-53f0-4be3-858a-a7063f0703f0;23e99da3-c5c9-4ce4-9ecc-35eb100dd56e;;false;80;2025-12-17 08:44:50.285914+00;;2025-12-17 08:44:50.285914+00;2025-12-17 08:44:50.285914+00
7d2823cf-865c-4686-bb70-b3a7e181dd1e;46e358c7-53f0-4be3-858a-a7063f0703f0;23e99da3-c5c9-4ce4-9ecc-35eb100dd56e;;false;85;2025-12-17 08:44:52.401093+00;;2025-12-17 08:44:52.401093+00;2025-12-17 08:44:52.401093+00
a4103c7d-a87f-4bba-a822-294112e62e48;46e358c7-53f0-4be3-858a-a7063f0703f0;23e99da3-c5c9-4ce4-9ecc-35eb100dd56e;af3883fd-07da-457e-aa38-a67516237603;true;90;2025-12-17 08:44:52.895503+00;2025-12-17 08:44:52.52+00;2025-12-17 08:44:52.895503+00;2025-12-17 08:44:53.196505+00
696f37cf-3042-47c1-8020-1c112b40c20b;46e358c7-53f0-4be3-858a-a7063f0703f0;23e99da3-c5c9-4ce4-9ecc-35eb100dd56e;;false;95;2025-12-17 08:44:55.118675+00;;2025-12-17 08:44:55.118675+00;2025-12-17 08:44:55.118675+00
b891b14c-8f8a-42b3-b0ab-90da8bf6006e;fc1a20a7-df28-4a2a-b16c-f5adf45f1291;23e99da3-c5c9-4ce4-9ecc-35eb100dd56e;a06e3b30-08c2-4625-8e8a-f5840b04bfbe;true;5;2025-12-22 07:01:32.421025+00;2025-12-22 07:01:29.297+00;2025-12-22 07:01:32.421025+00;2025-12-22 07:01:32.421025+00
d72456ec-2756-4c43-8251-14f6df75e2f5;28d0727b-6d34-4505-bb41-c30334829f5c;23e99da3-c5c9-4ce4-9ecc-35eb100dd56e;;false;0;2025-12-26 15:30:25.580703+00;;2025-12-26 15:30:25.580703+00;2025-12-26 15:30:25.580703+00
42a4057c-4da8-467c-a60a-0fcabee09328;28d0727b-6d34-4505-bb41-c30334829f5c;23e99da3-c5c9-4ce4-9ecc-35eb100dd56e;a06e3b30-08c2-4625-8e8a-f5840b04bfbe;true;5;2025-12-26 15:30:37.568729+00;2025-12-26 15:30:37.274+00;2025-12-26 15:30:37.568729+00;2025-12-26 15:30:37.568729+00
9eef4853-5065-4d71-b91c-5fdea6101628;fc1a20a7-df28-4a2a-b16c-f5adf45f1291;23e99da3-c5c9-4ce4-9ecc-35eb100dd56e;;false;5;2025-12-22 07:01:32.615177+00;;2025-12-22 07:01:32.615177+00;2025-12-22 07:01:32.615177+00
d7cb687f-60df-4701-a872-1786d6bdce71;28d0727b-6d34-4505-bb41-c30334829f5c;23e99da3-c5c9-4ce4-9ecc-35eb100dd56e;;false;5;2025-12-26 15:30:37.822437+00;;2025-12-26 15:30:37.822437+00;2025-12-26 15:30:37.822437+00
086b8b3f-f973-4976-bff8-aa6b6d4f724e;46e358c7-53f0-4be3-858a-a7063f0703f0;23e99da3-c5c9-4ce4-9ecc-35eb100dd56e;e1d9502a-4c27-457c-9635-ec140c652068;true;60;2025-12-17 08:44:42.506913+00;2025-12-17 08:44:41.838+00;2025-12-17 08:44:42.506913+00;2025-12-17 08:44:42.536102+00
2748e1ce-f6a5-4181-a6ec-210986ffe21f;46e358c7-53f0-4be3-858a-a7063f0703f0;23e99da3-c5c9-4ce4-9ecc-35eb100dd56e;;false;60;2025-12-17 08:44:42.821258+00;;2025-12-17 08:44:42.821258+00;2025-12-17 08:44:42.821258+00
f54ead2f-d7bc-4eb9-b253-f653e98aac31;46e358c7-53f0-4be3-858a-a7063f0703f0;23e99da3-c5c9-4ce4-9ecc-35eb100dd56e;;false;70;2025-12-17 08:44:46.487438+00;;2025-12-17 08:44:46.487438+00;2025-12-17 08:44:46.487438+00
de7364af-0aef-4ade-ab94-9a8b7712d6eb;46e358c7-53f0-4be3-858a-a7063f0703f0;23e99da3-c5c9-4ce4-9ecc-35eb100dd56e;;false;70;2025-12-17 08:44:46.684758+00;;2025-12-17 08:44:46.684758+00;2025-12-17 08:44:46.684758+00
b52860b2-61cd-4166-a825-9a0fd3cb40d4;46e358c7-53f0-4be3-858a-a7063f0703f0;23e99da3-c5c9-4ce4-9ecc-35eb100dd56e;;false;85;2025-12-17 08:44:52.407374+00;;2025-12-17 08:44:52.407374+00;2025-12-17 08:44:52.407374+00
fd655c29-53c7-42f2-ad4e-87cfb2ad62b6;46e358c7-53f0-4be3-858a-a7063f0703f0;23e99da3-c5c9-4ce4-9ecc-35eb100dd56e;;false;90;2025-12-17 08:44:53.375723+00;;2025-12-17 08:44:53.375723+00;2025-12-17 08:44:53.375723+00
160518ef-1d0d-42de-8d5c-325981355157;46e358c7-53f0-4be3-858a-a7063f0703f0;23e99da3-c5c9-4ce4-9ecc-35eb100dd56e;;false;60;2025-12-17 08:44:42.707719+00;;2025-12-17 08:44:42.707719+00;2025-12-17 08:44:42.707719+00
8a0c8efa-579e-436e-9531-0480c6d1c23d;616f2a58-669b-4c40-822e-adfef7058906;23e99da3-c5c9-4ce4-9ecc-35eb100dd56e;;false;0;2025-12-22 11:46:05.873121+00;;2025-12-22 11:46:05.873121+00;2025-12-22 11:46:05.873121+00
db0df7b0-68db-401d-88ac-c7f3066eec20;729edbb5-3a37-4b62-b20b-2480dc5c7b2a;23e99da3-c5c9-4ce4-9ecc-35eb100dd56e;be3e34f2-634c-4aa7-886c-54b13d3588b6;true;20;2025-12-26 20:04:06.217943+00;2025-12-26 20:04:05.64+00;2025-12-26 20:04:06.217943+00;2025-12-26 20:04:06.217943+00
ebaa18b1-ff34-490d-b8ba-bb00d2c9bea1;46e358c7-53f0-4be3-858a-a7063f0703f0;23e99da3-c5c9-4ce4-9ecc-35eb100dd56e;8d788181-ea4d-40b2-9f91-6732f97debcb;true;70;2025-12-17 08:44:45.904718+00;2025-12-17 08:44:44.626+00;2025-12-17 08:44:45.904718+00;2025-12-17 08:44:46.499438+00
2d64cf87-18ce-4916-a1e9-c55a5b83d08b;46e358c7-53f0-4be3-858a-a7063f0703f0;23e99da3-c5c9-4ce4-9ecc-35eb100dd56e;;false;70;2025-12-17 08:44:46.715306+00;;2025-12-17 08:44:46.715306+00;2025-12-17 08:44:46.715306+00
49067add-eb0e-474f-927b-6df76a163c7c;46e358c7-53f0-4be3-858a-a7063f0703f0;23e99da3-c5c9-4ce4-9ecc-35eb100dd56e;7d3541b5-56a8-40af-bc75-4da54555bd46;true;95;2025-12-17 08:44:54.756454+00;2025-12-17 08:44:54.256+00;2025-12-17 08:44:54.756454+00;2025-12-17 08:44:54.953469+00
08097392-1540-4612-9cc0-b0a8346b918b;46e358c7-53f0-4be3-858a-a7063f0703f0;23e99da3-c5c9-4ce4-9ecc-35eb100dd56e;;false;100;2025-12-17 08:44:56.070828+00;;2025-12-17 08:44:56.070828+00;2025-12-17 08:44:56.070828+00