id;user_id;role;created_at
2934c9d6-c951-4a41-af17-f1268d53c3dc;729edbb5-3a37-4b62-b20b-2480dc5c7b2a;admin;2025-11-01 03:56:03.390465+00
5663ca91-8272-4be0-a284-1a8390f8b789;fc1a20a7-df28-4a2a-b16c-f5adf45f1291;admin;2025-12-01 15:02:35.283989+00
a195b6bf-0ef9-47b1-b5a0-db21ecaf788b;f800a31b-7574-4565-8b04-93ca452b3e31;admin;2025-11-26 18:50:08.017441+00
31d41530-980a-4194-bd6c-2b63fa127227;58beeaf5-8028-48b8-996f-45085b85b34e;admin;2025-12-04 11:00:55.279793+00
3ce58870-8e98-4f44-9810-f68901f4e469;616f2a58-669b-4c40-822e-adfef7058906;admin;2025-12-01 14:50:38.400126+00
122137a6-d880-4cf3-a293-5b89ae2b1de3;0a0c8b07-dfb8-4ad1-a62f-f2cf50cb03b6;admin;2025-12-01 16:56:23.181516+00
494f02aa-3569-4756-b0b0-d6f47f803f76;e8fd3f47-f082-479d-b70f-c1f793ff91c8;admin;2025-11-04 14:24:08.683339+00
3d29b89a-e960-4246-a573-f50d834fdeb2;e175a88c-5a5a-4fca-b7ae-942ef889ca62;admin;2025-12-02 18:23:27.725138+00
4769cbf4-e076-495c-90d1-03ac17f56f2e;5aeab45b-e0c6-494e-b930-96f39cec2f6a;user;2025-12-10 11:35:39.157324+00
7c2d22a3-6bfe-4957-93ea-4a0680435cc8;d03c351c-765d-417b-b19e-f03e74024411;user;2025-12-17 07:13:39.816904+00
0af05669-5356-4feb-bde4-63107f626f32;df29fd2b-f8b3-4bc0-890f-a4f62208c03a;user;2025-12-18 03:52:55.242935+00
1c0163d0-ab56-4b74-9df3-819b8ee53798;9db1f01a-5a1d-4cbe-a9f2-2a1603546a25;user;2025-12-20 04:36:28.069538+00
e83f4f32-b93d-4749-8b3e-ec932104731a;b90b7142-fbab-4250-bead-a7781b769b56;user;2025-12-20 09:18:27.040155+00
3edb678f-1a9a-4487-9404-689cfd7ce106;24984dc4-fcf2-4511-ba4e-9faa5a745823;user;2025-12-20 17:55:04.3313+00
13230a20-feab-4256-a192-2e708a149fcc;2fb21c8d-bd25-44b3-9261-b18b899d1e3c;user;2025-12-21 10:35:08.190332+00
9eeab9b8-f04e-40d7-a552-60a88a95677a;5ee0cce9-799b-4504-8382-a3d2b2556855;user;2025-12-29 14:32:25.797463+00
57553c52-7333-4974-baf4-b276a76caf0e;12ea244c-efbe-4c2c-9c66-2c938d7d55bd;user;2026-02-05 06:43:56.996095+00
3c0e2026-1365-45de-a443-36870f18338c;da5d1704-1fa9-4270-9a7e-a77d8b9efb5e;user;2026-04-13 18:31:12.871965+00
1d4cbcf1-0281-4250-8bf7-ffbaa0a831d1;04ca1cda-0f56-4482-bfef-02e1a3445370;user;2026-04-13 19:18:55.900807+00
490d1b9d-f265-4da1-ba84-953acad66de4;4e1a3fa6-2d1c-423e-a6c8-feca51061c00;user;2026-04-13 20:08:26.696513+00
c4093109-9de9-4456-83c2-3ffd5f81bdaf;4c4a651f-12e0-4a4f-b8ef-a71a940e749c;user;2026-04-13 21:24:12.895616+00
6e128204-9d9e-4ed9-b978-a474c261fae9;4453cd26-25d0-4b4c-9da1-95e8acee5ce1;user;2025-12-07 16:28:53.050505+00
39ea4013-9c72-4b7e-9de5-0a0f21d8d8cc;fa1e9f3d-cd42-48ca-9741-6b43051a6ed6;user;2025-11-03 04:52:39.310591+00
c5256c79-0097-4a6c-bbc5-66680ad3e230;df7d2ccb-c209-4cc6-bb4a-37a728ece9a0;user;2025-11-03 14:00:56.024401+00
2644110c-a6d4-4061-8262-3def51929d56;504c9700-89ef-4c93-a627-c4d774bb4e77;user;2025-11-09 06:34:28.010547+00
cca8c1ea-2836-4dbd-b57f-c87657abd0ff;75e66d44-e6cc-481f-b070-17e419d25c58;user;2025-12-05 03:24:28.99416+00
4c8d3a07-cfd8-41cb-930e-c0d1dc6a0e7b;4d701042-b3d7-4804-890c-96f21e26761f;user;2025-11-11 13:31:19.262365+00
a2e090f4-35f0-4680-9557-a9b41d66b31f;6d0296ea-6afb-42e5-b4a5-e38c7ff401e8;user;2025-11-03 15:49:06.855207+00
1651d280-33c4-4d2d-a994-7ee235fa1439;d4012bc2-1082-4968-a8d3-bc8879727d4e;user;2025-12-04 10:32:53.961257+00
060cdcc6-ce15-43dd-bd19-a38b9425e196;18500679-9563-4266-bbd5-a14d1306147a;user;2025-12-03 02:20:35.185921+00
9076962c-ca09-4db0-8bb2-7ea947c74c52;1f7fa447-51c8-4c38-a477-2d9811dacf8d;user;2025-11-03 05:05:47.934785+00
a37c83c4-f17e-43ae-addc-1f5b92d0be5b;2f15ae12-6c00-4c2b-8431-2e8b99d76da9;user;2025-11-01 10:57:28.856275+00
e7bc43bd-bdde-4edb-b59f-ddceac8384a7;c7065f46-338d-43ef-9e42-bf920a8ea11d;user;2025-12-05 13:52:44.190017+00
fab18703-655b-4433-9a58-8dc9dd34e833;47cc4b90-3142-4176-a81f-86bb6e284d1a;user;2025-12-05 04:41:19.747478+00
5efa40cf-5b5b-46f9-9640-55e05860ee8a;2f13d10f-99e8-403b-9ef5-85b6935435fd;user;2025-11-15 14:25:54.655444+00
a96486f5-5ae3-4faa-bb98-6abf94be3a31;4ab475bf-af84-4668-ae7a-08da6a4022b1;admin;2025-12-05 11:35:49.795323+00
e34e5906-0f30-4f25-a4fc-0b4c604eabf5;8ce5b5c6-e0fc-4f31-80a3-db588576718f;admin;2025-12-01 14:48:21.327481+00
4bba3393-3fbd-4ebe-a53a-48d7955d4ebe;40a60634-cc05-4f0f-a502-748eee45c314;admin;2025-12-04 10:27:24.463948+00